name,gender
Rajesh Joshi,Male
Vikram Iyer,Male
Anil Choudhary,Male
Kavita Kumar,Female
Rajesh Kumar,Male
Aarti Sharma,Female
Preeti Sharma,Female
Nikita Reddy,Female
Radhika Nair,Female
Suman Pandey,Female
Kavita Iyer,Female
Renu Bose,Female
Jyoti Patel,Female
Preeti Mehta,Female
Aarti Singh,Female
Vikram Agarwal,Male
Vikram Bose,Male
Renu Mishra,Female
Pooja Mishra,Female
Deepa Gupta,Female
Anjali Chopra,Female
Arjun Nair,Male
Anil Reddy,Male
Rohit Patel,Male
Suman Bose,Female
Manoj Gupta,Male
Amit Das,Male
Jyoti Pandey,Female
Amit Patel,Male
Anita Agarwal,Female
Jyoti Pandey,Female
Suman Agarwal,Female
Anjali Mishra,Female
Anjali Sharma,Female
Anita Reddy,Female
Anita Das,Female
Deepak Das,Male
Rahul Singh,Male
Anil Sharma,Male
Suresh Sharma,Male
Pooja Saxena,Female
Yash Mishra,Male
Nikhil Das,Male
Radhika Kumar,Female
Vijay Singh,Male
Sanjay Verma,Male
Ravi Kumar,Male
Renu Singh,Female
Rakesh Verma,Male
Kunal Verma,Male
Preeti Saxena,Female
Kunal Reddy,Male
Sanjay Nair,Male
Sanjay Agarwal,Male
Suresh Iyer,Male
Ravi Sharma,Male
Kavita Saxena,Female
Anjali Jain,Female
Vijay Pandey,Male
Rakesh Bose,Male
Nikita Pandey,Female
Nikita Saxena,Female
Shweta Nair,Female
Karan Sharma,Male
Deepak Iyer,Male
Anita Iyer,Female
Nikita Mishra,Female
Kunal Agarwal,Male
Ravi Pandey,Male
Anil Bose,Male
Radhika Agarwal,Female
Rajesh Sharma,Male
Divya Verma,Female
Vijay Chopra,Male
Rakesh Singh,Male
Nikita Bose,Female
Sunita Agarwal,Female
Nikita Nair,Female
Anjali Sharma,Female
Anita Jain,Female
Nikhil Mehta,Male
Divya Chopra,Female
Anjali Mishra,Female
Meena Iyer,Female
Aarti Gupta,Female
Ramesh Jain,Male
Anita Chopra,Female
Deepak Verma,Male
Rahul Das,Male
Rahul Mehta,Male
Yash Das,Male
Sunita Das,Female
Swati Kumar,Female
Anita Mishra,Female
Anjali Nair,Female
Kavita Choudhary,Female
Radhika Mishra,Female
Deepak Patel,Male
Jyoti Jain,Female
Karan Saxena,Male
Kunal Mehta,Male
Amit Kumar,Male
Nikita Reddy,Female
Radhika Joshi,Female
Renu Chopra,Female
Jyoti Patel,Female
Priya Verma,Female
Preeti Verma,Female
Jyoti Chopra,Female
Suresh Choudhary,Male
Swati Pandey,Female
Arjun Mehta,Male
Anita Singh,Female
Rohit Mehta,Male
Amit Singh,Male
Kavita Mehta,Female
Vijay Agarwal,Male
Rajesh Sharma,Male
Amit Chopra,Male
Nikhil Mishra,Male
Rajesh Mehta,Male
Ramesh Choudhary,Male
Vikram Nair,Male
Anjali Joshi,Female
Deepa Verma,Female
Karan Iyer,Male
Shweta Kumar,Female
Aarti Iyer,Female
Ravi Kumar,Male
Priya Nair,Female
Deepa Mishra,Female
Karan Iyer,Male
Anita Kumar,Female
Neha Iyer,Female
Meena Agarwal,Female
Nikita Patel,Female
Ramesh Kumar,Male
Rajesh Pandey,Male
Manoj Sharma,Male
Vijay Agarwal,Male
Radhika Joshi,Female
Anjali Patel,Female
Yash Reddy,Male
Amit Chopra,Male
Deepak Gupta,Male
Pranav Patel,Male
Sanjay Reddy,Male
Sanjay Bose,Male
Arjun Reddy,Male
Suman Saxena,Female
Rahul Iyer,Male
Renu Choudhary,Female
Nikita Bose,Female
Shweta Nair,Female
Anjali Joshi,Female
Vijay Mehta,Male
Nikita Saxena,Female
Karan Iyer,Male
Deepa Pandey,Female
Priya Reddy,Female
Nikhil Bose,Male
Swati Patel,Female
Meena Bose,Female
Meena Jain,Female
Renu Saxena,Female
Radhika Jain,Female
Suresh Verma,Male
Ramesh Joshi,Male
Pranav Iyer,Male
Yash Saxena,Male
Rakesh Chopra,Male
Kavita Nair,Female
Jyoti Bose,Female
Ravi Iyer,Male
Meena Kumar,Female
Rajesh Choudhary,Male
Radhika Joshi,Female
Meena Reddy,Female
Neha Bose,Female
Anjali Patel,Female
Shweta Chopra,Female
Arjun Gupta,Male
Neha Joshi,Female
Vikram Bose,Male
Nikita Nair,Female
Rakesh Nair,Male
Sneha Jain,Female
Suman Das,Female
Ravi Iyer,Male
Pranav Mehta,Male
Jyoti Choudhary,Female
Shweta Iyer,Female
Jyoti Saxena,Female
Aarti Verma,Female
Sneha Singh,Female
Manoj Mehta,Male
Sneha Singh,Female
Suman Verma,Female
Swati Saxena,Female
Sanjay Singh,Male
Suresh Joshi,Male
Manoj Patel,Male
Ramesh Nair,Male
Pooja Saxena,Female
Jyoti Reddy,Female
Anita Pandey,Female
Meena Das,Female
Karan Mishra,Male
Pooja Pandey,Female
Kunal Mishra,Male
Priya Joshi,Female
Divya Reddy,Female
Amit Nair,Male
Rakesh Patel,Male
Sunita Gupta,Female
Radhika Choudhary,Female
Rohit Kumar,Male
Priya Verma,Female
Kunal Joshi,Male
Arjun Nair,Male
Arjun Pandey,Male
Yash Reddy,Male
Deepak Mishra,Male
Vikram Mehta,Male
Sneha Chopra,Female
Vikram Gupta,Male
Divya Nair,Female
Pooja Mishra,Female
Anjali Das,Female
Vijay Nair,Male
Meena Joshi,Female
Rajesh Sharma,Male
Yash Das,Male
Rajesh Agarwal,Male
Radhika Das,Female
Preeti Jain,Female
Ramesh Verma,Male
Anjali Mehta,Female
Nikita Jain,Female
Anjali Agarwal,Female
Renu Nair,Female
Radhika Saxena,Female
Swati Sharma,Female
Neha Nair,Female
Sanjay Joshi,Male
Karan Mishra,Male
Nikhil Mishra,Male
Rahul Mishra,Male
Kunal Singh,Male
Deepa Nair,Female
Nikita Joshi,Female
Preeti Agarwal,Female
Amit Das,Male
Vikram Reddy,Male
Yash Kumar,Male
Aarti Das,Female
Anjali Agarwal,Female
Anita Patel,Female
Rajesh Chopra,Male
Anita Kumar,Female
Nikita Choudhary,Female
Meena Verma,Female
Nikita Chopra,Female
Rajesh Sharma,Male
Neha Saxena,Female
Rakesh Patel,Male
Divya Mishra,Female
Sunita Choudhary,Female
Sunita Mishra,Female
Kavita Patel,Female
Vijay Saxena,Male
Swati Choudhary,Female
Preeti Das,Female
Vijay Jain,Male
Rahul Jain,Male
Sanjay Chopra,Male
Manoj Joshi,Male
Meena Iyer,Female
Pooja Gupta,Female
Radhika Agarwal,Female
Radhika Mishra,Female
Neha Mehta,Female
Anil Sharma,Male
Anita Iyer,Female
Renu Pandey,Female
Sanjay Joshi,Male
Aarti Pandey,Female
Aarti Pandey,Female
Suresh Patel,Male
Rajesh Gupta,Male
Deepa Das,Female
Preeti Gupta,Female
Kunal Agarwal,Male
Manoj Jain,Male
Ravi Chopra,Male
Anjali Mehta,Female
Manoj Pandey,Male
Karan Bose,Male
Deepak Mishra,Male
Rajesh Jain,Male
Ramesh Mehta,Male
Nikita Gupta,Female
Anita Patel,Female
Deepak Agarwal,Male
Rakesh Mehta,Male
Arjun Mehta,Male
Sneha Sharma,Female
Sunita Saxena,Female
Vikram Chopra,Male
Vijay Singh,Male
Rajesh Saxena,Male
Yash Patel,Male
Aarti Jain,Female
Sanjay Iyer,Male
Priya Joshi,Female
Rajesh Patel,Male
Preeti Joshi,Female
Anil Pandey,Male
Radhika Choudhary,Female
Karan Choudhary,Male
Suman Saxena,Female
Pooja Saxena,Female
Amit Reddy,Male
Suman Agarwal,Female
Radhika Verma,Female
Suman Choudhary,Female
Anjali Mehta,Female
Ravi Chopra,Male
Swati Singh,Female
Swati Verma,Female
Sanjay Verma,Male
Divya Saxena,Female
Sneha Das,Female
Rahul Joshi,Male
Sanjay Gupta,Male
Nikhil Choudhary,Male
Anjali Saxena,Female
Ravi Mishra,Male
Rohit Sharma,Male
Pranav Bose,Male
Suman Pandey,Female
Yash Saxena,Male
Sneha Jain,Female
Rakesh Nair,Male
Suman Jain,Female
Priya Bose,Female
Ravi Iyer,Male
Neha Bose,Female
Sunita Sharma,Female
Anita Reddy,Female
Jyoti Reddy,Female
Renu Verma,Female
Radhika Verma,Female
Aarti Reddy,Female
Nikita Chopra,Female
Deepak Sharma,Male
Rajesh Das,Male
Nikita Iyer,Female
Deepak Singh,Male
Nikhil Joshi,Male
Anil Saxena,Male
Ramesh Mishra,Male
Meena Joshi,Female
Vijay Choudhary,Male
Rakesh Mehta,Male
Deepa Bose,Female
Anil Nair,Male
Swati Singh,Female
Rohit Iyer,Male
Rakesh Singh,Male
Meena Saxena,Female
Aarti Choudhary,Female
Aarti Verma,Female
Kunal Gupta,Male
Shweta Joshi,Female
Deepak Patel,Male
Anil Mishra,Male
Nikita Mehta,Female
Rajesh Mishra,Male
Swati Reddy,Female
Preeti Chopra,Female
Nikhil Joshi,Male
Vikram Saxena,Male
Suman Saxena,Female
Sunita Chopra,Female
Divya Verma,Female
Vijay Verma,Male
Rahul Nair,Male
Manoj Gupta,Male
Aarti Patel,Female
Vijay Gupta,Male
Deepa Saxena,Female
Preeti Mehta,Female
Deepa Pandey,Female
Sanjay Das,Male
Renu Gupta,Female
Suman Chopra,Female
Meena Gupta,Female
Vijay Bose,Male
Suman Saxena,Female
Vijay Sharma,Male
Pranav Iyer,Male
Shweta Reddy,Female
Karan Agarwal,Male
Rahul Jain,Male
Nikita Verma,Female
Sanjay Iyer,Male
Sanjay Singh,Male
Renu Agarwal,Female
Amit Singh,Male
Rahul Sharma,Male
Nikhil Saxena,Male
Kavita Pandey,Female
Kunal Sharma,Male
Vijay Choudhary,Male
Karan Mehta,Male
Divya Sharma,Female
Priya Agarwal,Female
Yash Gupta,Male
Jyoti Joshi,Female
Rajesh Bose,Male
Rakesh Nair,Male
Deepa Patel,Female
Neha Iyer,Female
Kavita Verma,Female
Priya Patel,Female
Manoj Bose,Male
Anita Reddy,Female
Amit Jain,Male
Amit Mishra,Male
Ramesh Bose,Male
Anil Nair,Male
Vijay Kumar,Male
Arjun Mehta,Male
Meena Choudhary,Female
Arjun Saxena,Male
Sneha Kumar,Female
Anita Patel,Female
Ravi Joshi,Male
Swati Chopra,Female
Swati Joshi,Female
Pooja Agarwal,Female
Deepa Das,Female
Rajesh Das,Male
Anil Agarwal,Male
Shweta Agarwal,Female
Deepa Jain,Female
Vijay Mishra,Male
Manoj Saxena,Male
Rahul Chopra,Male
Suresh Joshi,Male
Renu Singh,Female
Arjun Mehta,Male
Suman Iyer,Female
Neha Das,Female
Rakesh Nair,Male
Ramesh Agarwal,Male
Meena Kumar,Female
Rahul Choudhary,Male
Preeti Mishra,Female
Pooja Gupta,Female
Pranav Iyer,Male
Neha Bose,Female
Manoj Choudhary,Male
Deepak Iyer,Male
Meena Gupta,Female
Sunita Verma,Female
Suman Iyer,Female
Suman Bose,Female
Rohit Kumar,Male
Ramesh Sharma,Male
Renu Sharma,Female
Rajesh Sharma,Male
Rohit Chopra,Male
Pranav Choudhary,Male
Vijay Sharma,Male
Neha Chopra,Female
Sunita Singh,Female
Pooja Sharma,Female
Preeti Mishra,Female
Preeti Nair,Female
Rahul Sharma,Male
Anjali Chopra,Female
Anita Singh,Female
Yash Reddy,Male
Vijay Sharma,Male
Aarti Iyer,Female
Shweta Iyer,Female
Rajesh Reddy,Male
Aarti Reddy,Female
Pooja Jain,Female
Deepa Chopra,Female
Rohit Mehta,Male
Anil Kumar,Male
Suman Agarwal,Female
Meena Joshi,Female
Manoj Singh,Male
Kunal Saxena,Male
Rohit Patel,Male
Meena Chopra,Female
Manoj Kumar,Male
Deepa Nair,Female
Meena Patel,Female
Deepak Choudhary,Male
Radhika Bose,Female
Aarti Choudhary,Female
Arjun Mishra,Male
Kunal Das,Male
Ramesh Joshi,Male
Rakesh Nair,Male
Kavita Nair,Female
Sanjay Pandey,Male
Karan Sharma,Male
Rajesh Jain,Male
Swati Chopra,Female
Renu Mehta,Female
Rahul Gupta,Male
Anil Nair,Male
Rakesh Gupta,Male
Vijay Patel,Male
Vijay Nair,Male
Sanjay Mishra,Male
Preeti Iyer,Female
Nikhil Kumar,Male
Jyoti Kumar,Female
Neha Gupta,Female
Ravi Gupta,Male
Jyoti Verma,Female
Karan Bose,Male
Sneha Saxena,Female
Ravi Jain,Male
Suresh Gupta,Male
Rahul Bose,Male
Vikram Patel,Male
Divya Agarwal,Female
Rohit Pandey,Male
Vijay Bose,Male
Ramesh Pandey,Male
Nikhil Nair,Male
Ramesh Das,Male
Deepa Saxena,Female
Deepak Jain,Male
Sneha Mehta,Female
Pranav Sharma,Male
Priya Kumar,Female
Renu Reddy,Female
Deepa Singh,Female
Vikram Singh,Male
Rohit Mehta,Male
Shweta Bose,Female
Suresh Saxena,Male
Rahul Iyer,Male
Pranav Agarwal,Male
Suresh Mehta,Male
Amit Das,Male
Ramesh Pandey,Male
Priya Mishra,Female
Sanjay Gupta,Male
Shweta Singh,Female
Anita Iyer,Female
Rohit Das,Male
Anil Bose,Male
Divya Chopra,Female
Deepak Patel,Male
Sanjay Singh,Male
Yash Bose,Male
Meena Bose,Female
Sneha Gupta,Female
Sunita Das,Female
Vikram Agarwal,Male
Preeti Bose,Female
Suresh Mishra,Male
Renu Mishra,Female
Pranav Mishra,Male
Nikhil Kumar,Male
Preeti Gupta,Female
Vijay Patel,Male
Manoj Mishra,Male
Rakesh Patel,Male
Neha Jain,Female
Amit Joshi,Male
Meena Saxena,Female
Ramesh Bose,Male
Neha Bose,Female
Anita Sharma,Female
Sanjay Choudhary,Male
Divya Reddy,Female
Shweta Sharma,Female
Vikram Singh,Male
Anita Mishra,Female
Kunal Sharma,Male
Neha Agarwal,Female
Sunita Singh,Female
Manoj Patel,Male
Rohit Singh,Male
Anita Jain,Female
Suman Bose,Female
Vijay Choudhary,Male
Manoj Verma,Male
Amit Joshi,Male
Meena Bose,Female
Sneha Mishra,Female
Divya Singh,Female
Anjali Mishra,Female
Nikhil Sharma,Male
Neha Verma,Female
Nikhil Mishra,Male
Yash Reddy,Male
Nikhil Kumar,Male
Deepa Pandey,Female
Anjali Singh,Female
Divya Iyer,Female
Nikita Verma,Female
Pooja Saxena,Female
Karan Mehta,Male
Rajesh Jain,Male
Priya Nair,Female
Karan Pandey,Male
Divya Choudhary,Female
Manoj Patel,Male
Arjun Agarwal,Male
Ravi Pandey,Male
Amit Sharma,Male
Sneha Gupta,Female
Anil Pandey,Male
Arjun Nair,Male
Nikita Mehta,Female
Kunal Pandey,Male
Kavita Gupta,Female
Pranav Reddy,Male
Deepa Mishra,Female
Pooja Kumar,Female
Anil Agarwal,Male
Shweta Jain,Female
Aarti Verma,Female
Rahul Reddy,Male
Swati Iyer,Female
Radhika Verma,Female
Kunal Pandey,Male
Ravi Joshi,Male
Sneha Nair,Female
Kunal Bose,Male
Manoj Singh,Male
Neha Choudhary,Female
Anjali Singh,Female
Amit Gupta,Male
Sneha Saxena,Female
Sunita Choudhary,Female
Sneha Pandey,Female
Rakesh Nair,Male
Arjun Singh,Male
Kunal Joshi,Male
Shweta Das,Female
Rakesh Nair,Male
Nikhil Mishra,Male
Anjali Mehta,Female
Kunal Singh,Male
Meena Kumar,Female
Anita Nair,Female
Anil Agarwal,Male
Meena Chopra,Female
Deepak Saxena,Male
Deepak Jain,Male
Pranav Reddy,Male
Radhika Bose,Female
Manoj Pandey,Male
Anjali Kumar,Female
Preeti Reddy,Female
Arjun Mehta,Male
Manoj Agarwal,Male
Pooja Joshi,Female
Radhika Pandey,Female
Rahul Nair,Male
Ramesh Das,Male
Deepak Nair,Male
Shweta Sharma,Female
Kavita Mishra,Female
Shweta Verma,Female
Rajesh Chopra,Male
Anil Joshi,Male
Ramesh Das,Male
Yash Verma,Male
Renu Jain,Female
Amit Bose,Male
Anjali Saxena,Female
Pooja Gupta,Female
Deepa Bose,Female
Jyoti Mehta,Female
Shweta Sharma,Female
Renu Joshi,Female
Deepa Saxena,Female
Nikita Agarwal,Female
Rahul Jain,Male
Divya Pandey,Female
Sanjay Iyer,Male
Rahul Pandey,Male
Kunal Nair,Male
Nikita Saxena,Female
Nikhil Kumar,Male
Aarti Patel,Female
Yash Choudhary,Male
Kavita Saxena,Female
Rohit Kumar,Male
Neha Agarwal,Female
Vikram Chopra,Male
Vijay Das,Male
Sunita Agarwal,Female
Deepak Gupta,Male
Arjun Pandey,Male
Anjali Iyer,Female
Kunal Chopra,Male
Sunita Verma,Female
Meena Verma,Female
Sunita Agarwal,Female
Pranav Patel,Male
Shweta Nair,Female
Kavita Kumar,Female
Rajesh Jain,Male
Divya Joshi,Female
Neha Bose,Female
Rajesh Sharma,Male
Jyoti Mehta,Female
Rajesh Reddy,Male
Rohit Patel,Male
Kavita Saxena,Female
Preeti Nair,Female
Suman Nair,Female
Aarti Mishra,Female
Pooja Das,Female
Amit Agarwal,Male
Rakesh Chopra,Male
Anita Jain,Female
Rahul Das,Male
Kunal Singh,Male
Rakesh Nair,Male
Ravi Reddy,Male
Priya Nair,Female
Amit Mehta,Male
Suresh Joshi,Male
Sanjay Mishra,Male
Manoj Kumar,Male
Kunal Saxena,Male
Arjun Chopra,Male
Sanjay Bose,Male
Arjun Gupta,Male
Manoj Joshi,Male
Meena Choudhary,Female
Renu Saxena,Female
Sunita Gupta,Female
Suman Gupta,Female
Preeti Das,Female
Anil Mishra,Male
Rohit Saxena,Male
Nikita Nair,Female
Shweta Saxena,Female
Divya Singh,Female
Preeti Chopra,Female
Vijay Bose,Male
Deepa Saxena,Female
Sneha Patel,Female
Deepak Bose,Male
Rajesh Kumar,Male
Sanjay Patel,Male
Kunal Patel,Male
Radhika Das,Female
Rohit Bose,Male
Deepa Bose,Female
Kavita Kumar,Female
Jyoti Agarwal,Female
Deepa Bose,Female
Anjali Iyer,Female
Meena Jain,Female
Deepa Saxena,Female
Rakesh Saxena,Male
Sunita Iyer,Female
Preeti Nair,Female
Deepak Sharma,Male
Rakesh Iyer,Male
Radhika Gupta,Female
Vijay Pandey,Male
Ravi Choudhary,Male
Meena Iyer,Female
Deepak Patel,Male
Ramesh Mishra,Male
Ramesh Bose,Male
Deepak Pandey,Male
Anita Patel,Female
Deepa Bose,Female
Jyoti Mishra,Female
Radhika Joshi,Female
Vikram Nair,Male
Meena Saxena,Female
Arjun Patel,Male
Rajesh Das,Male
Sanjay Reddy,Male
Jyoti Saxena,Female
Priya Gupta,Female
Kunal Nair,Male
Vijay Reddy,Male
Radhika Patel,Female
Priya Singh,Female
Nikhil Verma,Male
Suresh Pandey,Male
Rohit Das,Male
Swati Iyer,Female
Divya Jain,Female
Karan Verma,Male
Amit Pandey,Male
Sneha Choudhary,Female
Neha Verma,Female
Manoj Agarwal,Male
Rohit Sharma,Male
Ravi Singh,Male
Swati Das,Female
Kavita Bose,Female
Preeti Choudhary,Female
Vijay Chopra,Male
Sneha Nair,Female
Amit Iyer,Male
Deepak Das,Male
Pranav Verma,Male
Radhika Kumar,Female
Shweta Saxena,Female
Meena Verma,Female
Aarti Mehta,Female
Shweta Iyer,Female
Preeti Patel,Female
Pooja Joshi,Female
Ramesh Chopra,Male
Pranav Iyer,Male
Suman Mishra,Female
Radhika Sharma,Female
Deepa Das,Female
Aarti Bose,Female
Nikhil Pandey,Male
Suresh Joshi,Male
Nikhil Agarwal,Male
Rahul Nair,Male
Renu Bose,Female
Renu Mehta,Female
Priya Nair,Female
Rahul Chopra,Male
Shweta Kumar,Female
Vikram Das,Male
Deepa Singh,Female
Arjun Mishra,Male
Vikram Das,Male
Sneha Saxena,Female
Pooja Jain,Female
Preeti Sharma,Female
Swati Kumar,Female
Sanjay Pandey,Male
Divya Singh,Female
Rakesh Saxena,Male
Manoj Saxena,Male
Rahul Sharma,Male
Amit Nair,Male
Sanjay Singh,Male
Kavita Patel,Female
Karan Kumar,Male
Yash Chopra,Male
Nikhil Reddy,Male
Vikram Verma,Male
Jyoti Sharma,Female
Yash Reddy,Male
Arjun Saxena,Male
Vijay Sharma,Male
Kunal Das,Male
Ravi Das,Male
Preeti Singh,Female
Divya Das,Female
Ramesh Mehta,Male
Rajesh Kumar,Male
Suresh Pandey,Male
Swati Jain,Female
Rajesh Chopra,Male
Ravi Mishra,Male
Deepak Mishra,Male
Neha Das,Female
Rajesh Iyer,Male
Rohit Iyer,Male
Rakesh Chopra,Male
Aarti Reddy,Female
Rahul Patel,Male
Rajesh Verma,Male
Rakesh Joshi,Male
Rohit Saxena,Male
Vijay Singh,Male
Shweta Patel,Female
Vijay Iyer,Male
Manoj Pandey,Male
Anita Bose,Female
Rohit Iyer,Male
Arjun Joshi,Male
Neha Patel,Female
Anil Agarwal,Male
Vikram Patel,Male
Manoj Reddy,Male
Rajesh Agarwal,Male
Rahul Chopra,Male
Preeti Patel,Female
Pranav Saxena,Male
Sanjay Agarwal,Male
Anil Nair,Male
Deepa Jain,Female
Manoj Patel,Male
Deepak Singh,Male
Preeti Agarwal,Female
Radhika Nair,Female
Priya Das,Female
Vijay Bose,Male
Radhika Gupta,Female
Pranav Pandey,Male
Radhika Reddy,Female
Manoj Choudhary,Male
Priya Chopra,Female
Rohit Singh,Male
Anjali Mehta,Female
Divya Patel,Female
Renu Kumar,Female
Divya Patel,Female
Nikita Singh,Female
Swati Jain,Female
Renu Iyer,Female
Meena Singh,Female
Pranav Singh,Male
Deepa Mishra,Female
Pooja Verma,Female
Suman Joshi,Female
Sunita Saxena,Female
Pooja Chopra,Female
Deepak Bose,Male
Rohit Nair,Male
Radhika Kumar,Female
Pranav Jain,Male
Amit Choudhary,Male
Pranav Choudhary,Male
Priya Sharma,Female
Shweta Nair,Female
Nikhil Singh,Male
Neha Agarwal,Female
Rakesh Das,Male
Vijay Mehta,Male
Deepa Patel,Female
Meena Jain,Female
Nikita Chopra,Female
Priya Verma,Female
Karan Reddy,Male
Anita Reddy,Female
Meena Agarwal,Female
Vikram Jain,Male
Pooja Das,Female
Preeti Das,Female
Ravi Gupta,Male
Pooja Gupta,Female
Yash Patel,Male
Manoj Sharma,Male
Nikhil Mishra,Male
Kavita Iyer,Female
Jyoti Saxena,Female
Neha Mehta,Female
Sneha Nair,Female
Aarti Reddy,Female
Deepak Jain,Male
Pooja Reddy,Female
Yash Sharma,Male
Manoj Pandey,Male
Kunal Singh,Male
Radhika Saxena,Female
Nikita Patel,Female
Neha Singh,Female
Yash Mehta,Male
Sunita Pandey,Female
Shweta Patel,Female
Manoj Jain,Male
Suman Nair,Female
Radhika Mishra,Female
Rahul Iyer,Male
Rakesh Patel,Male
Pranav Singh,Male
Ravi Nair,Male
Manoj Agarwal,Male
Radhika Pandey,Female
Pranav Bose,Male
Shweta Agarwal,Female
Rajesh Gupta,Male
Shweta Nair,Female
Rahul Patel,Male
Sneha Pandey,Female
Nikita Das,Female
Deepak Verma,Male
Meena Agarwal,Female
Ravi Agarwal,Male
Rahul Saxena,Male
Nikita Nair,Female
Sunita Sharma,Female
Anita Joshi,Female
Nikita Das,Female
Vijay Reddy,Male
Aarti Patel,Female
Vijay Sharma,Male
Ramesh Choudhary,Male
Kunal Verma,Male
Pooja Sharma,Female
Anita Bose,Female
Sunita Saxena,Female
Suresh Das,Male
Ramesh Bose,Male
Vikram Chopra,Male
Anita Agarwal,Female
Sneha Sharma,Female
Sanjay Pandey,Male
Suman Das,Female
Anita Joshi,Female
Sunita Mehta,Female
Neha Nair,Female
Ravi Mehta,Male
Meena Saxena,Female
Deepak Singh,Male
Swati Jain,Female
Arjun Mehta,Male
Ramesh Iyer,Male
Pooja Pandey,Female
Radhika Agarwal,Female
Rahul Patel,Male
Vikram Pandey,Male
Ramesh Joshi,Male
Yash Kumar,Male
Arjun Chopra,Male
Rakesh Kumar,Male
Anil Pandey,Male
Sanjay Reddy,Male
Nikita Saxena,Female
Neha Jain,Female
Anita Pandey,Female
Anita Sharma,Female
Sneha Saxena,Female
Meena Chopra,Female
Divya Pandey,Female
Pooja Pandey,Female
Priya Sharma,Female
Deepa Jain,Female
Ravi Mishra,Male
Manoj Gupta,Male
Vikram Pandey,Male
Rohit Mehta,Male
Rahul Kumar,Male
Rohit Choudhary,Male
Divya Chopra,Female
Sneha Sharma,Female
Divya Iyer,Female
Shweta Mishra,Female
Sanjay Joshi,Male
Meena Mishra,Female
Meena Joshi,Female
Nikita Singh,Female
Divya Verma,Female
Shweta Gupta,Female
Shweta Agarwal,Female
Amit Jain,Male
Priya Verma,Female
Nikita Chopra,Female
Anil Sharma,Male
Ramesh Iyer,Male
Suresh Das,Male
Rahul Das,Male
Karan Patel,Male
Amit Jain,Male
Preeti Bose,Female
Rahul Verma,Male
Sanjay Jain,Male
Deepa Bose,Female
Vikram Singh,Male
Anjali Choudhary,Female
Nikhil Patel,Male
Deepa Agarwal,Female
Suresh Mishra,Male
Swati Saxena,Female
Neha Sharma,Female
Sunita Gupta,Female
Ramesh Chopra,Male
Ramesh Patel,Male
Rahul Agarwal,Male
Yash Pandey,Male
Arjun Sharma,Male
Yash Sharma,Male
Amit Gupta,Male
Radhika Das,Female
Kunal Singh,Male
Rohit Patel,Male
Neha Bose,Female
Yash Chopra,Male
Swati Sharma,Female
Kavita Bose,Female
Vijay Pandey,Male
Preeti Nair,Female
Aarti Singh,Female
Sunita Das,Female
Suman Gupta,Female
Pranav Iyer,Male
Sneha Pandey,Female
Swati Gupta,Female
Anita Reddy,Female
Pranav Joshi,Male
Pooja Choudhary,Female
Deepak Reddy,Male
Priya Agarwal,Female
Ravi Agarwal,Male
Suman Kumar,Female
Sanjay Nair,Male
Rohit Singh,Male
Pooja Patel,Female
Sanjay Nair,Male
Sunita Bose,Female
Sneha Iyer,Female
Anita Kumar,Female
Suman Mishra,Female
Manoj Sharma,Male
Anil Sharma,Male
Sneha Das,Female
Preeti Agarwal,Female
Deepak Iyer,Male
Kunal Pandey,Male
Amit Mehta,Male
Radhika Mehta,Female
Rajesh Reddy,Male
Yash Agarwal,Male
Neha Gupta,Female
Renu Choudhary,Female
Swati Reddy,Female
Aarti Mehta,Female
Jyoti Sharma,Female
Sanjay Chopra,Male
Vijay Mishra,Male
Vijay Nair,Male
Deepa Agarwal,Female
Arjun Gupta,Male
Kunal Sharma,Male
Neha Chopra,Female
Radhika Bose,Female
Rajesh Joshi,Male
Rajesh Choudhary,Male
Nikita Patel,Female
Manoj Joshi,Male
Shweta Bose,Female
Ramesh Singh,Male
Suresh Joshi,Male
Nikita Pandey,Female
Nikhil Mishra,Male
Amit Reddy,Male
Nikita Mishra,Female
Arjun Jain,Male
Swati Jain,Female
Jyoti Sharma,Female
Renu Choudhary,Female
Deepak Agarwal,Male
Amit Mishra,Male
Kunal Iyer,Male
Preeti Kumar,Female
Rajesh Pandey,Male
Meena Chopra,Female
Neha Singh,Female
Rahul Gupta,Male
Priya Kumar,Female
Priya Jain,Female
Sunita Bose,Female
Aarti Verma,Female
Aarti Mishra,Female
Amit Patel,Male
Jyoti Mishra,Female
Deepa Kumar,Female
Divya Nair,Female
Amit Pandey,Male
Manoj Chopra,Male
Yash Verma,Male
Karan Mishra,Male
Divya Chopra,Female
Kavita Iyer,Female
Divya Iyer,Female
Karan Nair,Male
Suresh Mishra,Male
Nikhil Choudhary,Male
Ramesh Pandey,Male
Amit Saxena,Male
Meena Agarwal,Female
Renu Jain,Female
Divya Joshi,Female
Sanjay Das,Male
Renu Mehta,Female
Jyoti Reddy,Female
Karan Pandey,Male
Ravi Agarwal,Male
Ramesh Das,Male
Divya Joshi,Female
Jyoti Choudhary,Female
Suman Saxena,Female
Preeti Iyer,Female
Deepak Das,Male
Pranav Gupta,Male
Vijay Kumar,Male
Manoj Joshi,Male
Ravi Kumar,Male
Aarti Bose,Female
Amit Nair,Male
Shweta Mishra,Female
Karan Mehta,Male
Suresh Chopra,Male
Preeti Reddy,Female
Rajesh Verma,Male
Yash Kumar,Male
Rajesh Jain,Male
Shweta Kumar,Female
Sunita Nair,Female
Ramesh Mishra,Male
Rakesh Saxena,Male
Swati Pandey,Female
Priya Mishra,Female
Sneha Verma,Female
Anil Das,Male
Karan Chopra,Male
Preeti Agarwal,Female
Deepa Bose,Female
Yash Kumar,Male
Radhika Choudhary,Female
Sneha Reddy,Female
Yash Agarwal,Male
Shweta Patel,Female
Amit Reddy,Male
Rohit Singh,Male
Neha Gupta,Female
Jyoti Verma,Female
Arjun Pandey,Male
Pranav Sharma,Male
Arjun Joshi,Male
Sanjay Gupta,Male
Meena Mehta,Female
Arjun Sharma,Male
Ravi Kumar,Male
Rajesh Saxena,Male
Nikhil Das,Male
Priya Agarwal,Female
Rakesh Patel,Male
Ravi Reddy,Male
Ravi Gupta,Male
Preeti Bose,Female
Yash Singh,Male
Sunita Saxena,Female
Manoj Mishra,Male
Shweta Verma,Female
Vikram Iyer,Male
Nikhil Choudhary,Male
Divya Kumar,Female
Neha Patel,Female
Sunita Sharma,Female
Rakesh Jain,Male
Deepak Choudhary,Male
Deepak Joshi,Male
Divya Patel,Female
Anil Bose,Male
Vijay Sharma,Male
Deepak Mishra,Male
Rajesh Reddy,Male
Rakesh Chopra,Male
Anil Verma,Male
Shweta Verma,Female
Preeti Iyer,Female
Anjali Gupta,Female
Jyoti Iyer,Female
Deepak Kumar,Male
Arjun Das,Male
Anjali Jain,Female
Rohit Nair,Male
Sneha Chopra,Female
Pranav Patel,Male
Ramesh Saxena,Male
Rajesh Jain,Male
Suresh Verma,Male
Priya Pandey,Female
Pranav Singh,Male
Anita Joshi,Female
Vijay Kumar,Male
Pranav Joshi,Male
Anjali Mishra,Female
Karan Kumar,Male
Suresh Choudhary,Male
Pooja Jain,Female
Radhika Gupta,Female
Kunal Choudhary,Male
Radhika Bose,Female
Nikita Mehta,Female
Jyoti Singh,Female
Nikhil Chopra,Male
Radhika Joshi,Female
Vikram Choudhary,Male
Manoj Iyer,Male
Anil Bose,Male
Anjali Choudhary,Female
Amit Das,Male
Pooja Das,Female
Anjali Gupta,Female
Divya Kumar,Female
Vikram Verma,Male
Deepa Bose,Female
Kavita Pandey,Female
Karan Jain,Male
Preeti Choudhary,Female
Anita Iyer,Female
Rajesh Sharma,Male
Divya Joshi,Female
Anil Iyer,Male
Rahul Iyer,Male
Jyoti Mehta,Female
Vikram Nair,Male
Anita Joshi,Female
Deepak Sharma,Male
Sneha Jain,Female
Anita Singh,Female
Suresh Gupta,Male
Vijay Iyer,Male
Pranav Nair,Male
Nikhil Patel,Male
Neha Nair,Female
Pooja Mehta,Female
Sunita Choudhary,Female
Ramesh Sharma,Male
Swati Jain,Female
Swati Pandey,Female
Anil Choudhary,Male
Manoj Sharma,Male
Ramesh Bose,Male
Divya Sharma,Female
Pooja Sharma,Female
Vikram Reddy,Male
Ravi Agarwal,Male
Vikram Das,Male
Nikhil Saxena,Male
Preeti Chopra,Female
Ravi Kumar,Male
Karan Mehta,Male
Deepak Saxena,Male
Priya Jain,Female
Shweta Mehta,Female
Neha Choudhary,Female
Arjun Chopra,Male
Suresh Jain,Male
Sanjay Nair,Male
Pranav Kumar,Male
Sanjay Chopra,Male
Ravi Mehta,Male
Suman Reddy,Female
Radhika Pandey,Female
Kavita Mehta,Female
Ramesh Gupta,Male
Ravi Mishra,Male
Rohit Das,Male
Pranav Patel,Male
Kunal Reddy,Male
Anjali Verma,Female
Nikhil Verma,Male
Yash Verma,Male
Arjun Agarwal,Male
Deepa Singh,Female
Jyoti Jain,Female
Nikita Bose,Female
Neha Sharma,Female
Nikita Joshi,Female
Aarti Mishra,Female
Deepak Saxena,Male
Nikita Chopra,Female
Sunita Saxena,Female
Karan Patel,Male
Nikhil Mehta,Male
Priya Mehta,Female
Vijay Chopra,Male
Rahul Das,Male
Priya Sharma,Female
Aarti Pandey,Female
Ravi Das,Male
Kavita Kumar,Female
Ramesh Singh,Male
Suman Iyer,Female
Ramesh Jain,Male
Ramesh Jain,Male
Arjun Chopra,Male
Manoj Gupta,Male
Nikhil Reddy,Male
Priya Iyer,Female
Vijay Saxena,Male
Pranav Kumar,Male
Deepa Gupta,Female
Rohit Verma,Male
Meena Mehta,Female
Deepak Choudhary,Male
Anjali Reddy,Female
Pooja Reddy,Female
Ravi Gupta,Male
Deepak Iyer,Male
Swati Bose,Female
Deepa Saxena,Female
Suresh Nair,Male
Sunita Mishra,Female
Priya Pandey,Female
Shweta Iyer,Female
Jyoti Bose,Female
Rahul Nair,Male
Radhika Pandey,Female
Suman Das,Female
Ravi Jain,Male
Sneha Saxena,Female
Swati Mehta,Female
Arjun Das,Male
Karan Pandey,Male
Kavita Patel,Female
Anita Singh,Female
Ravi Patel,Male
Deepa Agarwal,Female
Vijay Patel,Male
Suresh Gupta,Male
Pranav Gupta,Male
Meena Patel,Female
Rohit Bose,Male
Anil Nair,Male
Swati Singh,Female
Yash Chopra,Male
Anjali Mehta,Female
Pooja Joshi,Female
Arjun Chopra,Male
Aarti Chopra,Female
Divya Nair,Female
Radhika Joshi,Female
Suman Mishra,Female
Karan Sharma,Male
Ramesh Mishra,Male
Arjun Patel,Male
Suman Verma,Female
Divya Nair,Female
Manoj Nair,Male
Divya Kumar,Female
Suresh Jain,Male
Sanjay Joshi,Male
Neha Choudhary,Female
Rakesh Agarwal,Male
Anjali Choudhary,Female
Deepak Gupta,Male
Ramesh Jain,Male
Rahul Nair,Male
Radhika Gupta,Female
Sanjay Kumar,Male
Preeti Chopra,Female
Manoj Saxena,Male
Meena Gupta,Female
Yash Saxena,Male
Sanjay Pandey,Male
Swati Das,Female
Swati Kumar,Female
Aarti Pandey,Female
Aarti Agarwal,Female
Deepak Patel,Male
Renu Kumar,Female
Deepa Patel,Female
Vikram Saxena,Male
Anil Agarwal,Male
Rohit Bose,Male
Arjun Nair,Male
Kavita Das,Female
Kavita Sharma,Female
Ramesh Chopra,Male
Sanjay Reddy,Male
Suman Verma,Female
Pooja Saxena,Female
Anil Singh,Male
Suman Gupta,Female
Kunal Reddy,Male
Yash Iyer,Male
Arjun Sharma,Male
Kunal Gupta,Male
Sneha Chopra,Female
Deepa Mishra,Female
Renu Reddy,Female
Suresh Sharma,Male
Deepa Choudhary,Female
Pranav Das,Male
Pooja Sharma,Female
Shweta Sharma,Female
Ravi Verma,Male
Swati Das,Female
Meena Reddy,Female
Priya Pandey,Female
Rohit Bose,Male
Anjali Gupta,Female
Rahul Joshi,Male
Rajesh Kumar,Male
Meena Sharma,Female
Deepa Chopra,Female
Vikram Mishra,Male
Shweta Bose,Female
Karan Patel,Male
Divya Chopra,Female
Arjun Nair,Male
Rohit Kumar,Male
Anjali Kumar,Female
Sanjay Mishra,Male
Ravi Verma,Male
Suman Mishra,Female
Sanjay Chopra,Male
Aarti Das,Female
Vikram Bose,Male
Shweta Bose,Female
Nikhil Choudhary,Male
Divya Gupta,Female
Karan Chopra,Male
Anita Saxena,Female
Meena Pandey,Female
Anjali Gupta,Female
Neha Das,Female
Neha Verma,Female
Kunal Sharma,Male
Anil Agarwal,Male
Sunita Nair,Female
Pooja Kumar,Female
Aarti Mishra,Female
Rahul Kumar,Male
Renu Mishra,Female
Manoj Mehta,Male
Karan Bose,Male
Rohit Choudhary,Male
Meena Chopra,Female
Preeti Pandey,Female
Priya Pandey,Female
Arjun Kumar,Male
Kavita Reddy,Female
Shweta Joshi,Female
Karan Bose,Male
Vijay Kumar,Male
Anil Saxena,Male
Meena Verma,Female
Sanjay Singh,Male
Sneha Mishra,Female
Vikram Das,Male
Suman Kumar,Female
Sneha Kumar,Female
Sanjay Verma,Male
Nikita Agarwal,Female
Swati Verma,Female
Rakesh Gupta,Male
Pranav Kumar,Male
Anil Iyer,Male
Sunita Patel,Female
Vikram Reddy,Male
Arjun Sharma,Male
Pooja Mishra,Female
Ravi Nair,Male
Priya Mehta,Female
Nikita Patel,Female
Kavita Reddy,Female
Anil Agarwal,Male
Swati Jain,Female
Rahul Bose,Male
Meena Bose,Female
Ramesh Reddy,Male
Rakesh Verma,Male
Pooja Nair,Female
Nikhil Gupta,Male
Radhika Agarwal,Female
Rakesh Kumar,Male
Jyoti Mehta,Female
Aarti Jain,Female
Manoj Das,Male
Priya Mehta,Female
Jyoti Verma,Female
Priya Iyer,Female
Aarti Pandey,Female
Sneha Das,Female
Suman Agarwal,Female
Anita Agarwal,Female
Pranav Iyer,Male
Nikhil Jain,Male
Shweta Jain,Female
Preeti Patel,Female
Karan Mishra,Male
Priya Joshi,Female
Radhika Pandey,Female
Anita Singh,Female
Radhika Reddy,Female
Ravi Das,Male
Rakesh Singh,Male
Suman Verma,Female
Ramesh Jain,Male
Deepak Saxena,Male
Deepa Reddy,Female
Shweta Joshi,Female
Rakesh Verma,Male
Nikita Iyer,Female
Nikhil Choudhary,Male
Radhika Nair,Female
Pranav Reddy,Male
Priya Choudhary,Female
Divya Nair,Female
Divya Gupta,Female
Sneha Agarwal,Female
Swati Patel,Female
Arjun Choudhary,Male
Rakesh Mishra,Male
Preeti Mishra,Female
Rajesh Jain,Male
Yash Mishra,Male
Pranav Jain,Male
Vijay Joshi,Male
Rakesh Verma,Male
Kunal Joshi,Male
Ravi Reddy,Male
Radhika Gupta,Female
Pranav Bose,Male
Suresh Saxena,Male
Yash Das,Male
Priya Patel,Female
Rakesh Nair,Male
Nikhil Patel,Male
Amit Verma,Male
Rakesh Gupta,Male
Radhika Pandey,Female
Shweta Nair,Female
Rahul Bose,Male
Amit Singh,Male
Divya Agarwal,Female
Aarti Saxena,Female
Amit Patel,Male
Vijay Verma,Male
Swati Iyer,Female
Jyoti Kumar,Female
Rakesh Pandey,Male
Swati Agarwal,Female
Suman Verma,Female
Sunita Das,Female
Pranav Saxena,Male
Suresh Pandey,Male
Anil Iyer,Male
Kunal Pandey,Male
Divya Choudhary,Female
Pooja Sharma,Female
Meena Agarwal,Female
Sanjay Pandey,Male
Manoj Sharma,Male
Karan Jain,Male
Arjun Nair,Male
Nikita Agarwal,Female
Rakesh Choudhary,Male
Vijay Nair,Male
Suresh Joshi,Male
Pranav Joshi,Male
Kunal Choudhary,Male
Sanjay Iyer,Male
Ramesh Verma,Male
Ravi Patel,Male
Anita Mishra,Female
Anjali Das,Female
Ramesh Gupta,Male
Sanjay Das,Male
Jyoti Sharma,Female
Anjali Iyer,Female
Ravi Mehta,Male
Kavita Verma,Female
Anita Iyer,Female
Jyoti Chopra,Female
Radhika Agarwal,Female
Ravi Chopra,Male
Renu Verma,Female
Deepa Das,Female
Ramesh Kumar,Male
Amit Nair,Male
Rohit Singh,Male
Sneha Saxena,Female
Arjun Mishra,Male
Anita Singh,Female
Shweta Saxena,Female
Arjun Das,Male
Renu Iyer,Female
Meena Verma,Female
Anita Das,Female
Anita Joshi,Female
Sunita Joshi,Female
Pranav Choudhary,Male
Radhika Mehta,Female
Kunal Choudhary,Male
Sanjay Singh,Male
Suman Bose,Female
Sneha Patel,Female
Anjali Verma,Female
Ramesh Joshi,Male
Kunal Singh,Male
Anita Saxena,Female
Renu Reddy,Female
Rahul Chopra,Male
Nikita Kumar,Female
Vijay Choudhary,Male
Anjali Sharma,Female
Shweta Mehta,Female
Pooja Pandey,Female
Sneha Reddy,Female
Vijay Verma,Male
Rahul Saxena,Male
Deepa Choudhary,Female
Karan Pandey,Male
Nikhil Reddy,Male
Shweta Choudhary,Female
Sanjay Mehta,Male
Suman Joshi,Female
Shweta Bose,Female
Yash Saxena,Male
Shweta Chopra,Female
Divya Chopra,Female
Kavita Choudhary,Female
Priya Gupta,Female
Rajesh Verma,Male
Ramesh Mishra,Male
Anil Agarwal,Male
Pranav Singh,Male
Suman Agarwal,Female
Meena Pandey,Female
Suresh Reddy,Male
Radhika Sharma,Female
Rahul Patel,Male
Meena Kumar,Female
Nikhil Iyer,Male
Radhika Singh,Female
Vijay Joshi,Male
Manoj Chopra,Male
Anita Joshi,Female
Deepak Sharma,Male
Anita Bose,Female
Suresh Joshi,Male
Anita Chopra,Female
Sanjay Das,Male
Deepa Mishra,Female
Radhika Saxena,Female
Karan Jain,Male
Anil Mishra,Male
Anil Patel,Male
Priya Agarwal,Female
Suresh Reddy,Male
Sneha Mishra,Female
Divya Sharma,Female
Renu Reddy,Female
Radhika Bose,Female
Nikhil Chopra,Male
Rohit Reddy,Male
Nikhil Mishra,Male
Sneha Sharma,Female
Sunita Mishra,Female
Divya Bose,Female
Preeti Joshi,Female
Manoj Nair,Male
Shweta Choudhary,Female
Kunal Bose,Male
Jyoti Sharma,Female
Rakesh Das,Male
Kunal Kumar,Male
Rohit Joshi,Male
Neha Mehta,Female
Sanjay Joshi,Male
Pooja Saxena,Female
Nikhil Das,Male
Jyoti Iyer,Female
Suman Patel,Female
Arjun Jain,Male
Shweta Gupta,Female
Sunita Verma,Female
Sunita Das,Female
Divya Nair,Female
Pranav Gupta,Male
Anita Chopra,Female
Rohit Reddy,Male
Ramesh Choudhary,Male
Sunita Gupta,Female
Jyoti Nair,Female
Karan Agarwal,Male
Shweta Kumar,Female
Nikhil Das,Male
Jyoti Kumar,Female
Preeti Sharma,Female
Radhika Bose,Female
Anjali Singh,Female
Vikram Pandey,Male
Anjali Sharma,Female
Renu Mehta,Female
Arjun Chopra,Male
Rajesh Joshi,Male
Preeti Verma,Female
Meena Patel,Female
Sanjay Saxena,Male
Rakesh Pandey,Male
Rajesh Mishra,Male
Rohit Mehta,Male
Karan Nair,Male
Rajesh Saxena,Male
Suresh Patel,Male
Neha Agarwal,Female
Rakesh Sharma,Male
Kunal Das,Male
Kunal Pandey,Male
Divya Pandey,Female
Manoj Bose,Male
Anil Sharma,Male
Shweta Choudhary,Female
Nikhil Sharma,Male
Priya Mishra,Female
Ravi Patel,Male
Yash Nair,Male
Anil Mishra,Male
Karan Iyer,Male
Radhika Bose,Female
Yash Kumar,Male
Vijay Reddy,Male
Preeti Bose,Female
Priya Reddy,Female
Suresh Das,Male
Sneha Reddy,Female
Divya Pandey,Female
Anil Verma,Male
Karan Agarwal,Male
Suresh Kumar,Male
Pranav Singh,Male
Swati Singh,Female
Ramesh Bose,Male
Rahul Kumar,Male
Amit Kumar,Male
Renu Singh,Female
Rahul Iyer,Male
Ravi Patel,Male
Karan Patel,Male
Shweta Mishra,Female
Pranav Choudhary,Male
Yash Jain,Male
Deepak Iyer,Male
Sneha Patel,Female
Nikita Gupta,Female
Nikita Das,Female
Preeti Chopra,Female
Pooja Agarwal,Female
Anil Choudhary,Male
Pooja Saxena,Female
Shweta Mishra,Female
Shweta Das,Female
Suresh Kumar,Male
Rohit Iyer,Male
Ravi Sharma,Male
Rajesh Bose,Male
Manoj Iyer,Male
Sneha Gupta,Female
Sanjay Kumar,Male
Nikhil Chopra,Male
Rajesh Agarwal,Male
Meena Patel,Female
Kavita Reddy,Female
Vijay Nair,Male
Vikram Reddy,Male
Swati Chopra,Female
Pooja Choudhary,Female
Neha Gupta,Female
Pooja Choudhary,Female
Ramesh Choudhary,Male
Radhika Verma,Female
Vikram Singh,Male
Meena Jain,Female
Neha Choudhary,Female
Karan Choudhary,Male
Divya Singh,Female
Deepak Mishra,Male
Suman Saxena,Female
Preeti Mishra,Female
Anjali Chopra,Female
Pooja Saxena,Female
Sneha Joshi,Female
Deepak Agarwal,Male
Rohit Mishra,Male
Ravi Iyer,Male
Anita Chopra,Female
Rakesh Pandey,Male
Kavita Das,Female
Jyoti Sharma,Female
Aarti Bose,Female
Aarti Gupta,Female
Rakesh Bose,Male
Meena Joshi,Female
Deepa Mehta,Female
Rakesh Das,Male
Jyoti Agarwal,Female
Neha Singh,Female
Anjali Jain,Female
Rahul Mishra,Male
Suresh Agarwal,Male
Deepa Sharma,Female
Nikita Verma,Female
Rajesh Chopra,Male
Manoj Patel,Male
Sunita Agarwal,Female
Arjun Iyer,Male
Manoj Patel,Male
Jyoti Joshi,Female
Pooja Iyer,Female
Sanjay Nair,Male
Arjun Bose,Male
Divya Jain,Female
Rakesh Bose,Male
Radhika Joshi,Female
Arjun Gupta,Male
Sanjay Jain,Male
Manoj Mishra,Male
Suresh Joshi,Male
Anil Verma,Male
Anita Singh,Female
Shweta Verma,Female
Suman Choudhary,Female
Anil Joshi,Male
Divya Pandey,Female
Vijay Saxena,Male
Priya Das,Female
Divya Reddy,Female
Sneha Choudhary,Female
Rakesh Reddy,Male
Radhika Nair,Female
Rahul Sharma,Male
Nikita Mehta,Female
Priya Reddy,Female
Yash Chopra,Male
Amit Patel,Male
Priya Jain,Female
Rajesh Singh,Male
Rakesh Reddy,Male
Anil Patel,Male
Rahul Verma,Male
Nikita Nair,Female
Jyoti Nair,Female
Sunita Nair,Female
Ravi Bose,Male
Rahul Jain,Male
Neha Singh,Female
Renu Singh,Female
Anita Bose,Female
Karan Mishra,Male
Renu Joshi,Female
Rohit Sharma,Male
Anita Saxena,Female
Anita Verma,Female
Anil Sharma,Male
Yash Nair,Male
Nikita Mehta,Female
Kavita Nair,Female
Radhika Reddy,Female
Sneha Saxena,Female
Ravi Reddy,Male
Radhika Iyer,Female
Jyoti Chopra,Female
Renu Joshi,Female
Sanjay Nair,Male
Rohit Verma,Male
Sanjay Jain,Male
Suman Gupta,Female
Sanjay Iyer,Male
Swati Nair,Female
Anil Patel,Male
Ramesh Iyer,Male
Rohit Nair,Male
Kavita Sharma,Female
Deepak Saxena,Male
Pooja Gupta,Female
Nikita Bose,Female
Nikita Singh,Female
Sneha Jain,Female
Priya Kumar,Female
Arjun Mehta,Male
Vijay Gupta,Male
Vijay Joshi,Male
Sanjay Pandey,Male
Sanjay Jain,Male
Swati Kumar,Female
Vikram Nair,Male
Shweta Choudhary,Female
Yash Pandey,Male
Swati Das,Female
Sneha Joshi,Female
Deepak Chopra,Male
Preeti Pandey,Female
Aarti Jain,Female
Pooja Saxena,Female
Nikita Pandey,Female
Rohit Gupta,Male
Anita Kumar,Female
Arjun Patel,Male
Priya Pandey,Female
Pranav Singh,Male
Suman Patel,Female
Ravi Joshi,Male
Sneha Sharma,Female
Kunal Pandey,Male
Yash Choudhary,Male
Anil Nair,Male
Yash Patel,Male
Arjun Iyer,Male
Nikita Patel,Female
Suman Nair,Female
Neha Mishra,Female
Deepak Nair,Male
Neha Sharma,Female
Kunal Kumar,Male
Manoj Singh,Male
Pranav Sharma,Male
Aarti Chopra,Female
Pooja Gupta,Female
Nikita Jain,Female
Meena Nair,Female
Amit Reddy,Male
Sneha Gupta,Female
Vijay Bose,Male
Sunita Das,Female
Anil Nair,Male
Priya Reddy,Female
Rajesh Saxena,Male
Nikita Jain,Female
Nikita Jain,Female
Kunal Mishra,Male
Arjun Mishra,Male
Sunita Patel,Female
Ramesh Mehta,Male
Karan Mehta,Male
Priya Mehta,Female
Pranav Nair,Male
Radhika Patel,Female
Pooja Patel,Female
Priya Patel,Female
Manoj Saxena,Male
Rajesh Patel,Male
Ravi Bose,Male
Suresh Joshi,Male
Vijay Chopra,Male
Meena Pandey,Female
Vijay Pandey,Male
Rahul Gupta,Male
Anil Singh,Male
Ravi Verma,Male
Sanjay Jain,Male
Anil Kumar,Male
Deepak Reddy,Male
Deepa Nair,Female
Vikram Kumar,Male
Radhika Singh,Female
Anjali Saxena,Female
Yash Verma,Male
Nikita Saxena,Female
Swati Agarwal,Female
Anita Pandey,Female
Renu Nair,Female
Amit Joshi,Male
Rahul Bose,Male
Deepa Patel,Female
Preeti Sharma,Female
Deepa Saxena,Female
Rajesh Joshi,Male
Anita Kumar,Female
Deepak Kumar,Male
Renu Sharma,Female
Neha Chopra,Female
Amit Kumar,Male
Rohit Verma,Male
Suman Mehta,Female
Vikram Agarwal,Male
Meena Agarwal,Female
Divya Reddy,Female
Rajesh Das,Male
Sneha Choudhary,Female
Yash Chopra,Male
Vikram Chopra,Male
Sneha Verma,Female
Nikita Pandey,Female
Aarti Verma,Female
Preeti Nair,Female
Rajesh Das,Male
Pooja Verma,Female
Arjun Bose,Male
Karan Joshi,Male
Vijay Mishra,Male
Pranav Nair,Male
Ramesh Iyer,Male
Arjun Mishra,Male
Deepak Singh,Male
Jyoti Sharma,Female
Nikhil Jain,Male
Meena Singh,Female
Suman Mishra,Female
Suman Kumar,Female
Anita Kumar,Female
Manoj Bose,Male
Amit Iyer,Male
Rakesh Singh,Male
Jyoti Jain,Female
Rakesh Choudhary,Male
Radhika Pandey,Female
Sunita Bose,Female
Kavita Sharma,Female
Pooja Kumar,Female
Aarti Das,Female
Sunita Choudhary,Female
Deepak Nair,Male
Kunal Patel,Male
Pooja Nair,Female
Nikhil Singh,Male
Sanjay Sharma,Male
Kunal Bose,Male
Vijay Pandey,Male
Suman Nair,Female
Pooja Verma,Female
Meena Gupta,Female
Arjun Iyer,Male
Pranav Jain,Male
Sneha Verma,Female
Priya Joshi,Female
Radhika Iyer,Female
Arjun Singh,Male
Ramesh Kumar,Male
Pranav Pandey,Male
Sneha Agarwal,Female
Anjali Das,Female
Meena Bose,Female
Yash Joshi,Male
Vikram Reddy,Male
Shweta Bose,Female
Kavita Iyer,Female
Vijay Agarwal,Male
Ravi Iyer,Male
Sneha Verma,Female
Priya Verma,Female
Anil Sharma,Male
Jyoti Verma,Female
Arjun Choudhary,Male
Aarti Agarwal,Female
Rakesh Mehta,Male
Deepak Jain,Male
Nikita Mishra,Female
Suman Patel,Female
Renu Verma,Female
Kavita Kumar,Female
Neha Nair,Female
Kavita Pandey,Female
Sanjay Mishra,Male
Meena Gupta,Female
Anil Pandey,Male
Divya Reddy,Female
Renu Mehta,Female
Aarti Singh,Female
Deepa Gupta,Female
Vijay Singh,Male
Ramesh Joshi,Male
Rakesh Bose,Male
Vikram Singh,Male
Suresh Jain,Male
Vijay Patel,Male
Manoj Choudhary,Male
Vijay Bose,Male
Karan Das,Male
Meena Reddy,Female
Renu Das,Female
Swati Pandey,Female
Rahul Das,Male
Suman Joshi,Female
Sunita Das,Female
Shweta Das,Female
Deepak Reddy,Male
Deepa Bose,Female
Sanjay Mishra,Male
Swati Sharma,Female
Shweta Bose,Female
Yash Das,Male
Jyoti Sharma,Female
Kavita Reddy,Female
Anita Reddy,Female
Rohit Patel,Male
Kunal Iyer,Male
Shweta Chopra,Female
Kavita Das,Female
Deepak Kumar,Male
Sanjay Iyer,Male
Neha Chopra,Female
Vikram Kumar,Male
Nikita Das,Female
Anil Joshi,Male
Amit Mehta,Male
Rohit Agarwal,Male
Sanjay Singh,Male
Preeti Iyer,Female
Vikram Iyer,Male
Shweta Reddy,Female
Pooja Kumar,Female
Vijay Pandey,Male
Sunita Singh,Female
Rohit Sharma,Male
Suresh Choudhary,Male
Rajesh Das,Male
Meena Jain,Female
Arjun Bose,Male
Meena Gupta,Female
Rakesh Mehta,Male
Pranav Mehta,Male
Rahul Mishra,Male
Arjun Singh,Male
Renu Pandey,Female
Deepa Chopra,Female
Neha Chopra,Female
Kavita Patel,Female
Ramesh Jain,Male
Deepak Choudhary,Male
Neha Jain,Female
Karan Das,Male
Anjali Sharma,Female
Rohit Pandey,Male
Ramesh Pandey,Male
Nikhil Gupta,Male
Meena Pandey,Female
Manoj Jain,Male
Anita Mishra,Female
Suresh Mehta,Male
Karan Pandey,Male
Preeti Patel,Female
Arjun Patel,Male
Nikita Pandey,Female
Yash Joshi,Male
Rohit Sharma,Male
Vijay Saxena,Male
Aarti Reddy,Female
Rahul Bose,Male
Arjun Iyer,Male
Divya Reddy,Female
Manoj Bose,Male
Pranav Bose,Male
Preeti Agarwal,Female
Amit Nair,Male
Vijay Gupta,Male
Sneha Iyer,Female
Radhika Verma,Female
Kavita Gupta,Female
Ravi Choudhary,Male
Anil Das,Male
Deepa Choudhary,Female
Renu Bose,Female
Aarti Bose,Female
Anjali Joshi,Female
Vikram Kumar,Male
Swati Bose,Female
Suman Choudhary,Female
Rakesh Jain,Male
Vijay Pandey,Male
Amit Gupta,Male
Priya Iyer,Female
Aarti Agarwal,Female
Rohit Saxena,Male
Divya Agarwal,Female
Swati Kumar,Female
Kavita Das,Female
Shweta Singh,Female
Neha Gupta,Female
Nikhil Das,Male
Sneha Agarwal,Female
Divya Verma,Female
Vikram Agarwal,Male
Aarti Kumar,Female
Sanjay Verma,Male
Rajesh Reddy,Male
Sunita Agarwal,Female
Kunal Verma,Male
Rahul Nair,Male
Karan Saxena,Male
Rakesh Agarwal,Male
Suman Nair,Female
Anil Jain,Male
Renu Das,Female
Shweta Agarwal,Female
Ravi Mehta,Male
Rahul Mehta,Male
Rakesh Iyer,Male
Rakesh Mishra,Male
Arjun Das,Male
Ravi Verma,Male
Rohit Gupta,Male
Anil Iyer,Male
Karan Choudhary,Male
Yash Bose,Male
Aarti Mehta,Female
Jyoti Nair,Female
Divya Verma,Female
Ramesh Iyer,Male
Rajesh Saxena,Male
Vijay Agarwal,Male
Divya Reddy,Female
Nikita Reddy,Female
Deepa Das,Female
Aarti Chopra,Female
Preeti Pandey,Female
Anita Iyer,Female
Suman Jain,Female
Yash Nair,Male
Ravi Iyer,Male
Vikram Gupta,Male
Manoj Das,Male
Suman Jain,Female
Arjun Reddy,Male
Anil Joshi,Male
Kunal Kumar,Male
Meena Choudhary,Female
Sanjay Saxena,Male
Karan Chopra,Male
Rohit Mehta,Male
Neha Gupta,Female
Pooja Mishra,Female
Yash Bose,Male
Suman Reddy,Female
Yash Bose,Male
Priya Verma,Female
Anita Pandey,Female
Renu Mishra,Female
Kunal Reddy,Male
Ravi Mehta,Male
Anjali Singh,Female
Swati Singh,Female
Shweta Agarwal,Female
Priya Pandey,Female
Deepak Sharma,Male
Anita Nair,Female
Deepak Pandey,Male
Vijay Singh,Male
Swati Kumar,Female
Priya Reddy,Female
Nikhil Agarwal,Male
Suresh Patel,Male
Kavita Choudhary,Female
Deepa Patel,Female
Pranav Nair,Male
Deepak Gupta,Male
Ravi Chopra,Male
Ramesh Verma,Male
Radhika Sharma,Female
Vikram Kumar,Male
Nikita Mehta,Female
Sunita Mishra,Female
Amit Nair,Male
Kavita Chopra,Female
Pooja Agarwal,Female
Rahul Patel,Male
Nikhil Verma,Male
Pranav Iyer,Male
Manoj Gupta,Male
Manoj Verma,Male
Vijay Kumar,Male
Rajesh Chopra,Male
Aarti Pandey,Female
Divya Verma,Female
Vikram Gupta,Male
Anjali Joshi,Female
Amit Jain,Male
Nikhil Chopra,Male
Swati Reddy,Female
Nikhil Patel,Male
Anita Patel,Female
Pooja Nair,Female
Meena Saxena,Female
Anita Singh,Female
Swati Choudhary,Female
Kunal Iyer,Male
Kavita Gupta,Female
Vikram Kumar,Male
Ramesh Das,Male
Aarti Mishra,Female
Kavita Choudhary,Female
Ravi Patel,Male
Nikita Mehta,Female
Shweta Reddy,Female
Ramesh Bose,Male
Meena Iyer,Female
Anil Joshi,Male
Karan Gupta,Male
Suresh Gupta,Male
Radhika Verma,Female
Vikram Verma,Male
Karan Patel,Male
Anjali Jain,Female
Renu Verma,Female
Meena Nair,Female
Priya Iyer,Female
Arjun Agarwal,Male
Rajesh Choudhary,Male
Divya Chopra,Female
Yash Mehta,Male
Suresh Agarwal,Male
Ravi Choudhary,Male
Divya Das,Female
Shweta Patel,Female
Divya Reddy,Female
Ramesh Iyer,Male
Sneha Nair,Female
Yash Sharma,Male
Yash Mishra,Male
Nikita Jain,Female
Ramesh Iyer,Male
Nikita Choudhary,Female
Pooja Patel,Female
Deepa Das,Female
Vijay Singh,Male
Neha Iyer,Female
Ravi Patel,Male
Sanjay Pandey,Male
Rohit Singh,Male
Swati Chopra,Female
Pooja Sharma,Female
Pranav Singh,Male
Ramesh Choudhary,Male
Suresh Mehta,Male
Jyoti Bose,Female
Rohit Singh,Male
Priya Kumar,Female
Anita Bose,Female
Suman Agarwal,Female
Neha Pandey,Female
Suresh Das,Male
Rahul Choudhary,Male
Jyoti Das,Female
Ramesh Mishra,Male
Vikram Mishra,Male
Kavita Chopra,Female
Preeti Choudhary,Female
Arjun Iyer,Male
Pranav Gupta,Male
Kunal Joshi,Male
Pranav Gupta,Male
Vikram Choudhary,Male
Manoj Mehta,Male
Nikita Jain,Female
Arjun Saxena,Male
Suresh Agarwal,Male
Radhika Choudhary,Female
Neha Nair,Female
Nikita Nair,Female
Renu Saxena,Female
Suman Reddy,Female
Anjali Chopra,Female
Manoj Choudhary,Male
Kavita Joshi,Female
Arjun Jain,Male
Vijay Iyer,Male
Ravi Mishra,Male
Radhika Bose,Female
Suman Kumar,Female
Sanjay Patel,Male
Pooja Saxena,Female
Rakesh Singh,Male
Vikram Das,Male
Preeti Singh,Female
Sunita Reddy,Female
Suman Kumar,Female
Karan Patel,Male
Rakesh Mishra,Male
Nikita Jain,Female
Ravi Sharma,Male
Karan Patel,Male
Neha Choudhary,Female
Shweta Mehta,Female
Sneha Singh,Female
Jyoti Bose,Female
Ramesh Agarwal,Male
Rajesh Agarwal,Male
Jyoti Das,Female
Anjali Patel,Female
Kunal Mishra,Male
Sanjay Choudhary,Male
Sunita Mishra,Female
Arjun Verma,Male
Rahul Verma,Male
Suman Kumar,Female
Pranav Verma,Male
Anjali Saxena,Female
Amit Kumar,Male
Rakesh Das,Male
Jyoti Verma,Female
Swati Choudhary,Female
Rajesh Patel,Male
Renu Nair,Female
Pranav Agarwal,Male
Renu Reddy,Female
Pooja Joshi,Female
Swati Joshi,Female
Renu Gupta,Female
Pranav Joshi,Male
Preeti Iyer,Female
Sunita Joshi,Female
Neha Reddy,Female
Anita Iyer,Female
Vijay Agarwal,Male
Preeti Jain,Female
Jyoti Verma,Female
Pooja Pandey,Female
Manoj Sharma,Male
Radhika Mishra,Female
Suman Choudhary,Female
Anjali Choudhary,Female
Divya Mehta,Female
Anil Nair,Male
Vikram Verma,Male
Nikhil Chopra,Male
Ramesh Saxena,Male
Vijay Saxena,Male
Rakesh Verma,Male
Shweta Mehta,Female
Swati Patel,Female
Deepa Chopra,Female
Jyoti Patel,Female
Sneha Joshi,Female
Deepa Reddy,Female
Rahul Singh,Male
Rakesh Nair,Male
Sanjay Das,Male
Sanjay Nair,Male
Swati Iyer,Female
Shweta Iyer,Female
Pranav Saxena,Male
Rajesh Iyer,Male
Deepa Choudhary,Female
Anil Nair,Male
Shweta Choudhary,Female
Suman Bose,Female
Pranav Nair,Male
Manoj Singh,Male
Swati Mishra,Female
Yash Pandey,Male
Karan Chopra,Male
Nikita Reddy,Female
Shweta Das,Female
Rajesh Singh,Male
Sanjay Reddy,Male
Rakesh Bose,Male
Manoj Choudhary,Male
Arjun Joshi,Male
Deepa Jain,Female
Anjali Gupta,Female
Meena Verma,Female
Meena Mishra,Female
Anita Agarwal,Female
Vijay Agarwal,Male
Swati Pandey,Female
Pranav Kumar,Male
Jyoti Gupta,Female
Anita Jain,Female
Nikhil Kumar,Male
Rahul Das,Male
Aarti Chopra,Female
Kavita Singh,Female
Nikita Sharma,Female
Vijay Mishra,Male
Jyoti Saxena,Female
Shweta Das,Female
Pooja Choudhary,Female
Rahul Joshi,Male
Anil Gupta,Male
Suman Iyer,Female
Swati Joshi,Female
Radhika Iyer,Female
Shweta Kumar,Female
Kavita Joshi,Female
Vijay Saxena,Male
Sneha Chopra,Female
Arjun Chopra,Male
Amit Choudhary,Male
Rajesh Agarwal,Male
Rohit Reddy,Male
Deepa Jain,Female
Kunal Chopra,Male
Ravi Jain,Male
Nikita Gupta,Female
Divya Pandey,Female
Suresh Verma,Male
Neha Chopra,Female
Amit Chopra,Male
Shweta Agarwal,Female
Rohit Agarwal,Male
Suresh Nair,Male
Karan Jain,Male
Pranav Singh,Male
Jyoti Reddy,Female
Jyoti Gupta,Female
Meena Sharma,Female
Deepak Agarwal,Male
Radhika Jain,Female
Aarti Agarwal,Female
Suman Kumar,Female
Nikhil Reddy,Male
Ravi Kumar,Male
Rajesh Chopra,Male
Renu Iyer,Female
Radhika Verma,Female
Rahul Iyer,Male
Radhika Sharma,Female
Pooja Gupta,Female
Jyoti Saxena,Female
Anil Gupta,Male
Pranav Nair,Male
Vijay Chopra,Male
Sneha Iyer,Female
Rakesh Agarwal,Male
Renu Mehta,Female
Yash Mishra,Male
Nikita Joshi,Female
Sunita Chopra,Female
Renu Sharma,Female
Sneha Mishra,Female
Karan Gupta,Male
Anita Gupta,Female
Anil Kumar,Male
Jyoti Das,Female
Preeti Sharma,Female
Kavita Pandey,Female
Deepak Chopra,Male
Yash Agarwal,Male
Nikhil Gupta,Male
Sunita Das,Female
Divya Mishra,Female
Anita Singh,Female
Sneha Bose,Female
Deepak Joshi,Male
Nikhil Choudhary,Male
Aarti Joshi,Female
Rohit Agarwal,Male
Ravi Mishra,Male
Suresh Verma,Male
Vijay Chopra,Male
Swati Jain,Female
Neha Bose,Female
Deepa Patel,Female
Amit Bose,Male
Deepak Agarwal,Male
Pranav Singh,Male
Preeti Patel,Female
Nikita Joshi,Female
Vijay Kumar,Male
Jyoti Saxena,Female
Ramesh Iyer,Male
Vijay Bose,Male
Suman Kumar,Female
Pranav Gupta,Male
Shweta Joshi,Female
Radhika Iyer,Female
Suresh Reddy,Male
Yash Bose,Male
Sneha Agarwal,Female
Vijay Das,Male
Vijay Gupta,Male
Jyoti Kumar,Female
Karan Singh,Male
Rakesh Saxena,Male
Deepak Nair,Male
Shweta Nair,Female
Pranav Patel,Male
Priya Pandey,Female
Preeti Gupta,Female
Priya Joshi,Female
Rakesh Das,Male
Anita Iyer,Female
Ramesh Saxena,Male
Neha Singh,Female
Vikram Bose,Male
Jyoti Gupta,Female
Rohit Agarwal,Male
Nikita Nair,Female
Pranav Singh,Male
Priya Mishra,Female
Anjali Iyer,Female
Sneha Reddy,Female
Rajesh Kumar,Male
Anil Singh,Male
Karan Agarwal,Male
Deepa Verma,Female
Radhika Choudhary,Female
Vijay Mishra,Male
Kavita Pandey,Female
Vijay Reddy,Male
Anil Singh,Male
Renu Reddy,Female
Pranav Patel,Male
Pooja Sharma,Female
Anjali Singh,Female
Manoj Patel,Male
Ravi Saxena,Male
Kavita Bose,Female
Swati Jain,Female
Vijay Sharma,Male
Shweta Verma,Female
Jyoti Das,Female
Kunal Singh,Male
Kavita Mishra,Female
Rohit Joshi,Male
Suman Pandey,Female
Swati Mehta,Female
Neha Jain,Female
Ravi Bose,Male
Arjun Reddy,Male
Jyoti Saxena,Female
Kavita Mehta,Female
Arjun Chopra,Male
Ravi Jain,Male
Amit Joshi,Male
Rajesh Agarwal,Male
Jyoti Pandey,Female
Suman Mehta,Female
Pranav Nair,Male
Vijay Joshi,Male
Deepak Bose,Male
Yash Agarwal,Male
Anjali Das,Female
Manoj Patel,Male
Nikita Patel,Female
Shweta Bose,Female
Pooja Pandey,Female
Anita Agarwal,Female
Renu Verma,Female
Nikhil Pandey,Male
Rakesh Gupta,Male
Neha Mehta,Female
Anil Sharma,Male
Suman Pandey,Female
Divya Mehta,Female
Suman Saxena,Female
Divya Choudhary,Female
Meena Reddy,Female
Swati Saxena,Female
Ravi Jain,Male
Suman Verma,Female
Kunal Singh,Male
Rakesh Patel,Male
Nikhil Chopra,Male
Divya Gupta,Female
Rohit Das,Male
Sanjay Chopra,Male
Aarti Pandey,Female
Rohit Joshi,Male
Suresh Mishra,Male
Swati Choudhary,Female
Rajesh Nair,Male
Renu Nair,Female
Sneha Sharma,Female
Anjali Kumar,Female
Neha Mishra,Female
Vijay Bose,Male
Pooja Iyer,Female
Deepa Singh,Female
Meena Saxena,Female
Suresh Patel,Male
Sanjay Gupta,Male
Nikhil Kumar,Male
Swati Nair,Female
Suresh Choudhary,Male
Sneha Chopra,Female
Swati Das,Female
Vijay Saxena,Male
Renu Joshi,Female
Kavita Agarwal,Female
Radhika Nair,Female
Anil Mehta,Male
Ravi Kumar,Male
Anjali Pandey,Female
Pranav Joshi,Male
Sanjay Gupta,Male
Sanjay Patel,Male
Divya Saxena,Female
Priya Singh,Female
Rohit Bose,Male
Preeti Jain,Female
Meena Singh,Female
Rahul Sharma,Male
Amit Gupta,Male
Preeti Agarwal,Female
Deepa Gupta,Female
Sanjay Jain,Male
Renu Choudhary,Female
Jyoti Choudhary,Female
Rohit Singh,Male
Yash Joshi,Male
Kunal Saxena,Male
Sunita Saxena,Female
Renu Saxena,Female
Amit Das,Male
Renu Mishra,Female
Rohit Iyer,Male
Rohit Joshi,Male
Rohit Chopra,Male
Radhika Agarwal,Female
Suman Iyer,Female
Suresh Jain,Male
Ramesh Kumar,Male
Nikita Kumar,Female
Radhika Chopra,Female
Vikram Mehta,Male
Sneha Saxena,Female
Amit Joshi,Male
Neha Joshi,Female
Nikita Mehta,Female
Karan Chopra,Male
Sunita Mishra,Female
Renu Choudhary,Female
Anita Nair,Female
Anita Choudhary,Female
Suman Kumar,Female
Aarti Bose,Female
Nikita Joshi,Female
Deepa Saxena,Female
Anjali Mishra,Female
Kunal Agarwal,Male
Nikita Nair,Female
Preeti Choudhary,Female
Anita Choudhary,Female
Anita Joshi,Female
Arjun Bose,Male
Suman Saxena,Female
Kunal Mehta,Male
Manoj Jain,Male
Ramesh Mehta,Male
Neha Das,Female
Arjun Verma,Male
Shweta Reddy,Female
Karan Jain,Male
Preeti Bose,Female
Manoj Gupta,Male
Karan Reddy,Male
Vijay Sharma,Male
Anita Reddy,Female
Yash Jain,Male
Renu Verma,Female
Rajesh Verma,Male
Anjali Bose,Female
Sneha Bose,Female
Aarti Mishra,Female
Amit Mehta,Male
Sanjay Mehta,Male
Neha Bose,Female
Yash Iyer,Male
Ramesh Iyer,Male
Aarti Singh,Female
Vikram Choudhary,Male
Shweta Sharma,Female
Nikita Kumar,Female
Pranav Mishra,Male
Vikram Kumar,Male
Ramesh Saxena,Male
Kunal Joshi,Male
Deepak Choudhary,Male
Priya Choudhary,Female
Manoj Kumar,Male
Meena Bose,Female
Anita Bose,Female
Pranav Nair,Male
Sanjay Verma,Male
Vijay Chopra,Male
Ravi Jain,Male
Suman Jain,Female
Sanjay Jain,Male
Karan Nair,Male
Rohit Chopra,Male
Meena Mishra,Female
Renu Joshi,Female
Sanjay Jain,Male
Pranav Sharma,Male
Arjun Gupta,Male
Radhika Bose,Female
Kavita Nair,Female
Vijay Bose,Male
Ramesh Kumar,Male
Rohit Singh,Male
Sneha Gupta,Female
Suman Nair,Female
Deepak Mehta,Male
Nikita Bose,Female
Suresh Singh,Male
Yash Joshi,Male
Aarti Reddy,Female
Ramesh Bose,Male
Sneha Nair,Female
Divya Iyer,Female
Pranav Mehta,Male
Anil Agarwal,Male
Renu Joshi,Female
Manoj Das,Male
Amit Joshi,Male
Swati Chopra,Female
Kunal Das,Male
Rohit Mehta,Male
Vijay Joshi,Male
Suman Bose,Female
Rajesh Reddy,Male
Pranav Choudhary,Male
Deepa Agarwal,Female
Rohit Das,Male
Rakesh Pandey,Male
Swati Reddy,Female
Manoj Mehta,Male
Rakesh Singh,Male
Rajesh Jain,Male
Ravi Mishra,Male
Shweta Mishra,Female
Priya Verma,Female
Priya Singh,Female
Nikhil Chopra,Male
Rakesh Das,Male
Radhika Pandey,Female
Radhika Singh,Female
Vijay Kumar,Male
Karan Bose,Male
Rajesh Reddy,Male
Ramesh Choudhary,Male
Preeti Das,Female
Vijay Singh,Male
Manoj Agarwal,Male
Nikhil Gupta,Male
Priya Choudhary,Female
Manoj Sharma,Male
Vijay Joshi,Male
Amit Bose,Male
Karan Jain,Male
Nikita Agarwal,Female
Karan Choudhary,Male
Amit Bose,Male
Rakesh Das,Male
Anita Reddy,Female
Suresh Chopra,Male
Anil Patel,Male
Preeti Reddy,Female
Shweta Choudhary,Female
Rahul Bose,Male
Suresh Bose,Male
Suman Mishra,Female
Sneha Mehta,Female
Pooja Das,Female
Divya Gupta,Female
Radhika Kumar,Female
Meena Reddy,Female
Kunal Bose,Male
Jyoti Pandey,Female
Anita Gupta,Female
Nikita Patel,Female
Arjun Nair,Male
Preeti Das,Female
Renu Reddy,Female
Swati Pandey,Female
Rohit Reddy,Male
Rakesh Verma,Male
Shweta Mehta,Female
Deepak Chopra,Male
Amit Reddy,Male
Manoj Iyer,Male
Priya Singh,Female
Deepa Reddy,Female
Kavita Pandey,Female
Kavita Saxena,Female
Suman Verma,Female
Neha Patel,Female
Radhika Sharma,Female
Pooja Saxena,Female
Ramesh Reddy,Male
Vikram Mishra,Male
Deepa Kumar,Female
Ramesh Agarwal,Male
Jyoti Mehta,Female
Yash Chopra,Male
Vijay Joshi,Male
Kavita Iyer,Female
Anjali Reddy,Female
Divya Sharma,Female
Anita Choudhary,Female
Divya Saxena,Female
Neha Agarwal,Female
Renu Patel,Female
Neha Verma,Female
Rohit Jain,Male
Aarti Mehta,Female
Anil Saxena,Male
Suman Das,Female
Divya Chopra,Female
Shweta Singh,Female
Shweta Iyer,Female
Rohit Das,Male
Preeti Mehta,Female
Anjali Mishra,Female
Preeti Jain,Female
Nikhil Iyer,Male
Yash Jain,Male
Nikita Nair,Female
Suresh Mishra,Male
Rahul Patel,Male
Divya Jain,Female
Amit Pandey,Male
Pranav Kumar,Male
Rahul Gupta,Male
Anita Jain,Female
Meena Nair,Female
Swati Gupta,Female
Divya Iyer,Female
Pranav Singh,Male
Aarti Mehta,Female
Sunita Sharma,Female
Sanjay Iyer,Male
Arjun Sharma,Male
Vijay Nair,Male
Sanjay Gupta,Male
Pranav Saxena,Male
Ravi Patel,Male
Anil Verma,Male
Anita Saxena,Female
Nikita Nair,Female
Kavita Gupta,Female
Sunita Mishra,Female
Renu Agarwal,Female
Rakesh Verma,Male
Nikita Bose,Female
Anjali Saxena,Female
Shweta Bose,Female
Rahul Singh,Male
Radhika Singh,Female
Karan Iyer,Male
Swati Joshi,Female
Amit Choudhary,Male
Manoj Reddy,Male
Sneha Saxena,Female
Nikita Agarwal,Female
Anjali Sharma,Female
Anita Chopra,Female
Suman Iyer,Female
Kavita Nair,Female
Anjali Sharma,Female
Nikhil Bose,Male
Suresh Verma,Male
Sneha Das,Female
Ravi Agarwal,Male
Sanjay Saxena,Male
Karan Chopra,Male
Pooja Kumar,Female
Shweta Agarwal,Female
Vijay Kumar,Male
Ramesh Joshi,Male
Rajesh Singh,Male
Preeti Verma,Female
Anjali Singh,Female
Deepak Saxena,Male
Shweta Gupta,Female
Kavita Sharma,Female
Pooja Agarwal,Female
Kunal Reddy,Male
Rahul Chopra,Male
Vikram Patel,Male
Nikita Gupta,Female
Deepa Choudhary,Female
Suresh Nair,Male
Kavita Pandey,Female
Neha Gupta,Female
Renu Bose,Female
Rakesh Patel,Male
Preeti Singh,Female
Renu Choudhary,Female
Vijay Nair,Male
Neha Pandey,Female
Yash Mishra,Male
Shweta Agarwal,Female
Pranav Patel,Male
Pooja Agarwal,Female
Ravi Nair,Male
Arjun Das,Male
Yash Gupta,Male
Aarti Kumar,Female
Sanjay Bose,Male
Manoj Chopra,Male
Arjun Singh,Male
Shweta Pandey,Female
Sneha Kumar,Female
Pranav Patel,Male
Anjali Gupta,Female
Amit Agarwal,Male
Deepak Mehta,Male
Priya Patel,Female
Rohit Nair,Male
Suman Gupta,Female
Swati Singh,Female
Suman Chopra,Female
Jyoti Gupta,Female
Manoj Saxena,Male
Sanjay Gupta,Male
Manoj Chopra,Male
Pranav Choudhary,Male
Arjun Choudhary,Male
Priya Mehta,Female
Kunal Gupta,Male
Pranav Mishra,Male
Ramesh Singh,Male
Anita Agarwal,Female
Rakesh Jain,Male
Sneha Nair,Female
Suman Das,Female
Preeti Kumar,Female
Ramesh Agarwal,Male
Deepa Chopra,Female
Priya Gupta,Female
Renu Joshi,Female
Deepak Agarwal,Male
Nikita Patel,Female
Ramesh Verma,Male
Rahul Agarwal,Male
Rahul Agarwal,Male
Suresh Sharma,Male
Shweta Bose,Female
Sneha Joshi,Female
Priya Pandey,Female
Swati Singh,Female
Radhika Joshi,Female
Sanjay Jain,Male
Pooja Reddy,Female
Shweta Gupta,Female
Arjun Nair,Male
Deepak Patel,Male
Ravi Agarwal,Male
Kavita Jain,Female
Aarti Singh,Female
Anjali Iyer,Female
Sunita Bose,Female
Vikram Reddy,Male
Sneha Bose,Female
Meena Kumar,Female
Deepak Choudhary,Male
Radhika Sharma,Female
Arjun Bose,Male
Sanjay Reddy,Male
Karan Choudhary,Male
Vijay Patel,Male
Ramesh Agarwal,Male
Yash Bose,Male
Anil Sharma,Male
Manoj Pandey,Male
Divya Bose,Female
Pranav Sharma,Male
Meena Bose,Female
Sanjay Singh,Male
Divya Reddy,Female
Manoj Patel,Male
Nikita Bose,Female
Sneha Patel,Female
Meena Singh,Female
Anita Mehta,Female
Deepak Mishra,Male
Rohit Singh,Male
Yash Verma,Male
Sneha Jain,Female
Neha Chopra,Female
Amit Mishra,Male
Rakesh Saxena,Male
Meena Agarwal,Female
Nikita Mishra,Female
Sunita Bose,Female
Ravi Mishra,Male
Aarti Saxena,Female
Radhika Agarwal,Female
Priya Nair,Female
Deepa Patel,Female
Vijay Kumar,Male
Meena Das,Female
Anita Kumar,Female
Radhika Gupta,Female
Radhika Das,Female
Swati Pandey,Female
Preeti Chopra,Female
Sanjay Patel,Male
Anil Singh,Male
Deepa Singh,Female
Shweta Sharma,Female
Arjun Kumar,Male
Rajesh Sharma,Male
Rakesh Iyer,Male
Pooja Das,Female
Nikita Reddy,Female
Shweta Nair,Female
Jyoti Singh,Female
Rajesh Mishra,Male
Neha Joshi,Female
Manoj Bose,Male
Amit Jain,Male
Sneha Sharma,Female
Neha Singh,Female
Deepak Choudhary,Male
Neha Saxena,Female
Pranav Singh,Male
Priya Kumar,Female
Neha Das,Female
Rajesh Patel,Male
Nikita Mishra,Female
Anjali Das,Female
Ravi Mishra,Male
Deepa Patel,Female
Karan Joshi,Male
Suresh Agarwal,Male
Nikita Mishra,Female
Sunita Mishra,Female
Rajesh Agarwal,Male
Pranav Kumar,Male
Sunita Gupta,Female
Vijay Choudhary,Male
Kavita Kumar,Female
Kunal Bose,Male
Deepa Pandey,Female
Suresh Kumar,Male
Ramesh Gupta,Male
Renu Agarwal,Female
Kunal Sharma,Male
Deepa Iyer,Female
Vijay Verma,Male
Kavita Verma,Female
Rohit Verma,Male
Anil Jain,Male
Sanjay Mishra,Male
Rajesh Das,Male
Anita Nair,Female
Vijay Kumar,Male
Divya Joshi,Female
Deepa Jain,Female
Anjali Reddy,Female
Ramesh Das,Male
Karan Reddy,Male
Shweta Kumar,Female
Vijay Gupta,Male
Priya Mishra,Female
Priya Sharma,Female
Ramesh Choudhary,Male
Yash Iyer,Male
Deepak Nair,Male
Radhika Agarwal,Female
Divya Singh,Female
Nikita Singh,Female
Anjali Singh,Female
Karan Pandey,Male
Kunal Nair,Male
Kunal Verma,Male
Vijay Reddy,Male
Pranav Mishra,Male
Amit Iyer,Male
Pooja Patel,Female
Manoj Iyer,Male
Priya Jain,Female
Preeti Kumar,Female
Pranav Bose,Male
Rajesh Pandey,Male
Suresh Kumar,Male
Arjun Agarwal,Male
Suman Bose,Female
Ramesh Saxena,Male
Rajesh Pandey,Male
Deepak Kumar,Male
Arjun Gupta,Male
Vijay Iyer,Male
Arjun Gupta,Male
Radhika Saxena,Female
Manoj Singh,Male
Renu Saxena,Female
Preeti Pandey,Female
Rahul Patel,Male
Priya Nair,Female
Sanjay Reddy,Male
Vikram Mehta,Male
Rajesh Joshi,Male
Ravi Pandey,Male
Nikhil Verma,Male
Aarti Mehta,Female
Manoj Nair,Male
Rahul Reddy,Male
Anita Joshi,Female
Karan Saxena,Male
Amit Singh,Male
Suman Reddy,Female
Karan Patel,Male
Radhika Bose,Female
Suman Gupta,Female
Rohit Patel,Male
Sanjay Bose,Male
Rakesh Mehta,Male
Preeti Gupta,Female
Rakesh Saxena,Male
Kavita Choudhary,Female
Nikhil Joshi,Male
Neha Jain,Female
Arjun Choudhary,Male
Nikita Choudhary,Female
Arjun Choudhary,Male
Yash Mishra,Male
Priya Mehta,Female
Ravi Bose,Male
Divya Bose,Female
Karan Pandey,Male
Aarti Pandey,Female
Preeti Joshi,Female
Jyoti Kumar,Female
Suresh Choudhary,Male
Pooja Pandey,Female
Sneha Sharma,Female
Radhika Sharma,Female
Suman Choudhary,Female
Yash Patel,Male
Rajesh Sharma,Male
Renu Verma,Female
Suresh Reddy,Male
Vijay Chopra,Male
Rahul Patel,Male
Pranav Jain,Male
Kavita Mishra,Female
Suman Saxena,Female
Rakesh Saxena,Male
Pooja Mishra,Female
Shweta Das,Female
Suman Gupta,Female
Divya Patel,Female
Amit Joshi,Male
Rahul Iyer,Male
Karan Joshi,Male
Swati Iyer,Female
Rajesh Patel,Male
Nikhil Choudhary,Male
Neha Chopra,Female
Amit Nair,Male
Kavita Chopra,Female
Vijay Iyer,Male
Neha Kumar,Female
Rohit Patel,Male
Aarti Jain,Female
Vikram Chopra,Male
Rakesh Pandey,Male
Pranav Bose,Male
Kunal Gupta,Male
Deepa Pandey,Female
Nikita Jain,Female
Sanjay Verma,Male
Nikhil Mehta,Male
Yash Das,Male
Amit Sharma,Male
Deepak Singh,Male
Divya Jain,Female
Anjali Sharma,Female
Arjun Sharma,Male
Sneha Gupta,Female
Arjun Sharma,Male
Jyoti Pandey,Female
Yash Reddy,Male
Amit Sharma,Male
Rajesh Gupta,Male
Rohit Kumar,Male
Vijay Das,Male
Sneha Nair,Female
Vijay Mehta,Male
Rohit Mishra,Male
Karan Reddy,Male
Kavita Joshi,Female
Anita Patel,Female
Rahul Joshi,Male
Anjali Gupta,Female
Kavita Jain,Female
Shweta Mehta,Female
Aarti Joshi,Female
Suman Chopra,Female
Nikita Mehta,Female
Anil Kumar,Male
Yash Singh,Male
Neha Agarwal,Female
Jyoti Das,Female
Yash Singh,Male
Aarti Das,Female
Vijay Bose,Male
Nikita Mishra,Female
Rakesh Chopra,Male
Karan Kumar,Male
Divya Chopra,Female
Anjali Mehta,Female
Radhika Patel,Female
Ramesh Singh,Male
Aarti Jain,Female
Rajesh Saxena,Male
Deepa Jain,Female
Preeti Das,Female
Aarti Agarwal,Female
Meena Joshi,Female
Shweta Bose,Female
Pooja Chopra,Female
Suman Mehta,Female
Ramesh Gupta,Male
Sanjay Chopra,Male
Renu Kumar,Female
Priya Patel,Female
Divya Mishra,Female
Rahul Bose,Male
Vijay Reddy,Male
Shweta Iyer,Female
Deepa Singh,Female
Sunita Joshi,Female
Ramesh Verma,Male
Anil Mishra,Male
Swati Chopra,Female
Neha Jain,Female
Vijay Mehta,Male
Radhika Pandey,Female
Suresh Pandey,Male
Arjun Patel,Male
Preeti Mehta,Female
Sanjay Chopra,Male
Karan Jain,Male
Yash Das,Male
Nikhil Das,Male
Nikhil Mehta,Male
Arjun Verma,Male
Deepak Verma,Male
Suman Verma,Female
Anita Joshi,Female
Pranav Choudhary,Male
Divya Agarwal,Female
Yash Chopra,Male
Renu Chopra,Female
Ramesh Patel,Male
Ravi Das,Male
Shweta Patel,Female
Sunita Nair,Female
Vijay Pandey,Male
Arjun Gupta,Male
Vikram Singh,Male
Swati Agarwal,Female
Priya Saxena,Female
Anita Reddy,Female
Rahul Choudhary,Male
Anil Iyer,Male
Ravi Gupta,Male
Suresh Kumar,Male
Anil Patel,Male
Renu Chopra,Female
Priya Patel,Female
Aarti Bose,Female
Swati Bose,Female
Shweta Iyer,Female
Kunal Gupta,Male
Manoj Reddy,Male
Renu Singh,Female
Sanjay Verma,Male
Radhika Mishra,Female
Aarti Iyer,Female
Ramesh Iyer,Male
Sunita Choudhary,Female
Rakesh Chopra,Male
Ravi Jain,Male
Sneha Singh,Female
Anita Verma,Female
Vikram Das,Male
Suresh Saxena,Male
Jyoti Verma,Female
Arjun Mehta,Male
Amit Sharma,Male
Rakesh Mishra,Male
Priya Singh,Female
Neha Mehta,Female
Meena Patel,Female
Rakesh Joshi,Male
Jyoti Choudhary,Female
Swati Iyer,Female
Rohit Chopra,Male
Sneha Gupta,Female
Vijay Choudhary,Male
Jyoti Das,Female
Sunita Verma,Female
Vijay Sharma,Male
Rakesh Reddy,Male
Deepa Kumar,Female
Yash Verma,Male
Kavita Kumar,Female
Pranav Mishra,Male
Rakesh Verma,Male
Divya Mehta,Female
Jyoti Mehta,Female
Deepak Chopra,Male
Karan Jain,Male
Pranav Bose,Male
Shweta Verma,Female
Nikita Mehta,Female
Ramesh Singh,Male
Vikram Gupta,Male
Vijay Bose,Male
Neha Mishra,Female
Nikhil Choudhary,Male
Sunita Mishra,Female
Rakesh Patel,Male
Rajesh Jain,Male
Amit Pandey,Male
Rakesh Sharma,Male
Vikram Sharma,Male
Meena Das,Female
Suman Iyer,Female
Sneha Verma,Female
Kunal Saxena,Male
Renu Agarwal,Female
Ravi Chopra,Male
Aarti Jain,Female
Karan Mishra,Male
Rajesh Iyer,Male
Vijay Jain,Male
Vikram Bose,Male
Ramesh Singh,Male
Rahul Saxena,Male
Deepak Iyer,Male
Deepak Patel,Male
Preeti Bose,Female
Swati Patel,Female
Swati Sharma,Female
Priya Mishra,Female
Vikram Agarwal,Male
Sneha Verma,Female
Preeti Joshi,Female
Aarti Nair,Female
Manoj Reddy,Male
Vikram Sharma,Male
Nikhil Singh,Male
Rajesh Joshi,Male
Deepak Gupta,Male
Pranav Agarwal,Male
Rakesh Gupta,Male
Divya Singh,Female
Suresh Reddy,Male
Aarti Kumar,Female
Nikhil Singh,Male
Vikram Jain,Male
Arjun Patel,Male
Shweta Mehta,Female
Anita Mishra,Female
Manoj Agarwal,Male
Arjun Bose,Male
Nikhil Pandey,Male
Neha Saxena,Female
Sneha Bose,Female
Rahul Saxena,Male
Suman Bose,Female
Radhika Agarwal,Female
Rajesh Verma,Male
Meena Bose,Female
Anil Saxena,Male
Kavita Mishra,Female
Kavita Jain,Female
Ravi Verma,Male
Suresh Bose,Male
Manoj Kumar,Male
Deepak Gupta,Male
Nikita Patel,Female
Vikram Agarwal,Male
Divya Joshi,Female
Sanjay Agarwal,Male
Neha Bose,Female
Preeti Reddy,Female
Rakesh Patel,Male
Sunita Sharma,Female
Shweta Jain,Female
Neha Patel,Female
Nikhil Chopra,Male
Priya Choudhary,Female
Neha Pandey,Female
Anil Verma,Male
Manoj Patel,Male
Preeti Iyer,Female
Ramesh Singh,Male
Priya Joshi,Female
Arjun Saxena,Male
Manoj Mehta,Male
Nikhil Singh,Male
Deepak Iyer,Male
Kunal Bose,Male
Radhika Choudhary,Female
Rahul Mishra,Male
Jyoti Mehta,Female
Shweta Joshi,Female
Radhika Gupta,Female
Sunita Mehta,Female
Priya Reddy,Female
Swati Agarwal,Female
Suresh Mishra,Male
Pranav Iyer,Male
Nikhil Kumar,Male
Suresh Iyer,Male
Kunal Nair,Male
Pranav Joshi,Male
Renu Singh,Female
Preeti Das,Female
Meena Mehta,Female
Aarti Mehta,Female
Kavita Verma,Female
Rakesh Iyer,Male
Nikita Jain,Female
Sneha Jain,Female
Sanjay Saxena,Male
Vijay Agarwal,Male
Arjun Bose,Male
Arjun Reddy,Male
Aarti Iyer,Female
Sunita Iyer,Female
Radhika Mishra,Female
Rahul Choudhary,Male
Sanjay Sharma,Male
Pranav Chopra,Male
Divya Das,Female
Sanjay Patel,Male
Preeti Jain,Female
Swati Das,Female
Rohit Reddy,Male
Anjali Das,Female
Priya Jain,Female
Ramesh Sharma,Male
Rahul Chopra,Male
Kunal Iyer,Male
Suresh Joshi,Male
Karan Sharma,Male
Renu Das,Female
Pooja Singh,Female
Suresh Singh,Male
Ravi Agarwal,Male
Pranav Mehta,Male
Karan Patel,Male
Preeti Patel,Female
Amit Reddy,Male
Divya Gupta,Female
Rajesh Kumar,Male
Sunita Sharma,Female
Priya Singh,Female
Anita Verma,Female
Nikita Pandey,Female
Amit Choudhary,Male
Karan Patel,Male
Nikhil Sharma,Male
Neha Mehta,Female
Amit Chopra,Male
Manoj Mishra,Male
Renu Mishra,Female
Yash Pandey,Male
Karan Kumar,Male
Jyoti Jain,Female
Kavita Reddy,Female
Kunal Nair,Male
Suresh Saxena,Male
Neha Verma,Female
Kavita Sharma,Female
Deepa Pandey,Female
Rohit Jain,Male
Deepak Jain,Male
Rahul Singh,Male
Anjali Verma,Female
Divya Choudhary,Female
Sunita Saxena,Female
Anjali Pandey,Female
Rajesh Chopra,Male
Manoj Mishra,Male
Sneha Saxena,Female
Yash Singh,Male
Anjali Mehta,Female
Nikita Das,Female
Kunal Saxena,Male
Vikram Jain,Male
Meena Jain,Female
Sunita Sharma,Female
Anita Choudhary,Female
Ravi Mishra,Male
Karan Das,Male
Jyoti Nair,Female
Vijay Nair,Male
Deepak Gupta,Male
Sneha Nair,Female
Priya Choudhary,Female
Divya Mehta,Female
Divya Kumar,Female
Vikram Iyer,Male
Priya Mishra,Female
Karan Jain,Male
Anita Chopra,Female
Swati Agarwal,Female
Anjali Das,Female
Nikhil Saxena,Male
Ramesh Chopra,Male
Priya Agarwal,Female
Pranav Choudhary,Male
Sanjay Gupta,Male
Amit Mehta,Male
Nikhil Choudhary,Male
Sneha Iyer,Female
Kavita Choudhary,Female
Anjali Reddy,Female
Rajesh Chopra,Male
Anjali Singh,Female
Deepa Singh,Female
Deepak Kumar,Male
Ravi Mehta,Male
Suman Bose,Female
Sneha Das,Female
Anita Singh,Female
Jyoti Saxena,Female
Anita Joshi,Female
Rajesh Sharma,Male
Nikita Pandey,Female
Rohit Gupta,Male
Sanjay Pandey,Male
Shweta Chopra,Female
Karan Chopra,Male
Anjali Patel,Female
Karan Mehta,Male
Deepak Iyer,Male
Rakesh Joshi,Male
Divya Mishra,Female
Rohit Jain,Male
Divya Gupta,Female
Sanjay Singh,Male
Divya Jain,Female
Karan Mishra,Male
Sunita Agarwal,Female
Sanjay Nair,Male
Nikhil Kumar,Male
Vijay Verma,Male
Kunal Patel,Male
Amit Reddy,Male
Vikram Iyer,Male
Yash Bose,Male
Meena Chopra,Female
Nikita Chopra,Female
Preeti Choudhary,Female
Ravi Singh,Male
Aarti Pandey,Female
Kunal Verma,Male
Vijay Gupta,Male
Shweta Kumar,Female
Rahul Jain,Male
Anita Das,Female
Sanjay Das,Male
Kavita Gupta,Female
Yash Reddy,Male
Rajesh Chopra,Male
Arjun Pandey,Male
Renu Reddy,Female
Manoj Agarwal,Male
Shweta Mehta,Female
Rajesh Bose,Male
Anil Choudhary,Male
Divya Reddy,Female
Renu Saxena,Female
Shweta Bose,Female
Jyoti Gupta,Female
Neha Kumar,Female
Deepa Agarwal,Female
Radhika Jain,Female
Preeti Patel,Female
Nikhil Patel,Male
Pooja Patel,Female
Pooja Saxena,Female
Swati Agarwal,Female
Amit Saxena,Male
Sanjay Sharma,Male
Neha Pandey,Female
Anita Patel,Female
Deepa Agarwal,Female
Nikhil Iyer,Male
Rahul Iyer,Male
Rahul Das,Male
Anjali Bose,Female
Suman Kumar,Female
Yash Iyer,Male
Arjun Sharma,Male
Anita Choudhary,Female
Ramesh Singh,Male
Anita Bose,Female
Neha Iyer,Female
Rahul Joshi,Male
Karan Reddy,Male
Suman Iyer,Female
Nikita Singh,Female
Vikram Kumar,Male
Meena Gupta,Female
Rakesh Chopra,Male
Deepak Iyer,Male
Vikram Mishra,Male
Neha Reddy,Female
Shweta Patel,Female
Anil Saxena,Male
Renu Kumar,Female
Yash Jain,Male
Amit Kumar,Male
Rohit Iyer,Male
Anjali Mishra,Female
Meena Mishra,Female
Neha Verma,Female
Nikita Kumar,Female
Sneha Gupta,Female
Manoj Das,Male
Deepak Agarwal,Male
Jyoti Iyer,Female
Anita Chopra,Female
Jyoti Pandey,Female
Pooja Agarwal,Female
Kavita Chopra,Female
Swati Choudhary,Female
Radhika Sharma,Female
Divya Agarwal,Female
Suresh Iyer,Male
Rahul Chopra,Male
Kavita Iyer,Female
Vijay Saxena,Male
Pranav Kumar,Male
Pranav Mehta,Male
Arjun Saxena,Male
Rajesh Chopra,Male
Pooja Sharma,Female
Ramesh Patel,Male
Renu Mishra,Female
Priya Verma,Female
Nikhil Joshi,Male
Rakesh Saxena,Male
Karan Pandey,Male
Pooja Patel,Female
Vikram Chopra,Male
Radhika Mehta,Female
Rahul Saxena,Male
Sneha Kumar,Female
Neha Nair,Female
Anita Mehta,Female
Vijay Pandey,Male
Rohit Joshi,Male
Kunal Agarwal,Male
Shweta Verma,Female
Vijay Bose,Male
Arjun Das,Male
Rohit Mishra,Male
Anjali Iyer,Female
Priya Choudhary,Female
Renu Jain,Female
Sneha Joshi,Female
Vijay Das,Male
Pranav Joshi,Male
Shweta Joshi,Female
Jyoti Patel,Female
Pranav Pandey,Male
Kavita Bose,Female
Jyoti Jain,Female
Deepak Gupta,Male
Vikram Agarwal,Male
Aarti Kumar,Female
Kavita Saxena,Female
Ravi Nair,Male
Karan Jain,Male
Pooja Verma,Female
Renu Saxena,Female
Vikram Agarwal,Male
Karan Agarwal,Male
Vijay Chopra,Male
Pranav Joshi,Male
Pooja Mishra,Female
Vijay Joshi,Male
Suresh Mishra,Male
Sunita Choudhary,Female
Kavita Iyer,Female
Preeti Gupta,Female
Suman Saxena,Female
Nikhil Chopra,Male
Priya Iyer,Female
Arjun Patel,Male
Rakesh Mehta,Male
Rohit Joshi,Male
Vijay Nair,Male
Karan Gupta,Male
Anita Mishra,Female
Arjun Pandey,Male
Vijay Mishra,Male
Aarti Choudhary,Female
Meena Bose,Female
Ravi Chopra,Male
Arjun Chopra,Male
Aarti Verma,Female
Kavita Pandey,Female
Divya Kumar,Female
Renu Choudhary,Female
Rajesh Reddy,Male
Deepa Singh,Female
Rakesh Patel,Male
Sunita Reddy,Female
Karan Kumar,Male
Kavita Reddy,Female
Meena Pandey,Female
Rohit Pandey,Male
Meena Choudhary,Female
Sunita Sharma,Female
Anjali Saxena,Female
Amit Kumar,Male
Priya Patel,Female
Ramesh Agarwal,Male
Divya Bose,Female
Karan Mishra,Male
Suresh Das,Male
Sneha Choudhary,Female
Arjun Saxena,Male
Neha Nair,Female
Anil Kumar,Male
Amit Saxena,Male
Renu Gupta,Female
Nikita Verma,Female
Deepak Verma,Male
Vikram Kumar,Male
Rahul Saxena,Male
Sanjay Saxena,Male
Pooja Iyer,Female
Rahul Choudhary,Male
Deepak Das,Male
Yash Choudhary,Male
Deepak Bose,Male
Suresh Patel,Male
Renu Agarwal,Female
Suman Mehta,Female
Jyoti Choudhary,Female
Ramesh Mehta,Male
Kunal Pandey,Male
Deepa Das,Female
Shweta Sharma,Female
Vijay Nair,Male
Pranav Chopra,Male
Rahul Choudhary,Male
Rohit Nair,Male
Manoj Das,Male
Aarti Iyer,Female
Priya Agarwal,Female
Radhika Iyer,Female
Kunal Patel,Male
Rajesh Mehta,Male
Ramesh Mehta,Male
Amit Singh,Male
Vikram Agarwal,Male
Renu Joshi,Female
Kavita Sharma,Female
Swati Reddy,Female
Jyoti Sharma,Female
Rajesh Saxena,Male
Priya Saxena,Female
Karan Choudhary,Male
Divya Reddy,Female
Pranav Iyer,Male
Preeti Chopra,Female
Vikram Das,Male
Anjali Nair,Female
Suresh Mehta,Male
Pooja Chopra,Female
Renu Sharma,Female
Neha Iyer,Female
Sanjay Sharma,Male
Anjali Das,Female
Rajesh Mishra,Male
Jyoti Mishra,Female
Shweta Mehta,Female
Nikhil Singh,Male
Anjali Agarwal,Female
Ravi Patel,Male
Nikhil Patel,Male
Manoj Reddy,Male
Shweta Pandey,Female
Divya Agarwal,Female
Meena Nair,Female
Preeti Agarwal,Female
Anita Reddy,Female
Rahul Verma,Male
Anil Pandey,Male
Anjali Patel,Female
Renu Bose,Female
Rakesh Mehta,Male
Anita Pandey,Female
Rahul Pandey,Male
Neha Sharma,Female
Deepak Saxena,Male
Meena Mishra,Female
Neha Patel,Female
Priya Nair,Female
Sanjay Bose,Male
Rajesh Reddy,Male
Swati Kumar,Female
Anil Reddy,Male
Arjun Bose,Male
Manoj Gupta,Male
Yash Mehta,Male
Neha Singh,Female
Vikram Joshi,Male
Kunal Agarwal,Male
Ramesh Verma,Male
Rajesh Patel,Male
Kavita Nair,Female
Anita Reddy,Female
Suman Pandey,Female
Radhika Mehta,Female
Swati Kumar,Female
Anil Saxena,Male
Pranav Chopra,Male
Yash Kumar,Male
Divya Mishra,Female
Preeti Kumar,Female
Meena Iyer,Female
Pooja Choudhary,Female
Anita Mehta,Female
Radhika Bose,Female
Nikhil Mishra,Male
Karan Choudhary,Male
Deepa Joshi,Female
Sneha Joshi,Female
Sanjay Gupta,Male
Sanjay Pandey,Male
Swati Singh,Female
Meena Choudhary,Female
Anita Bose,Female
Sanjay Verma,Male
Pooja Singh,Female
Suman Das,Female
Nikita Iyer,Female
Rahul Agarwal,Male
Ravi Chopra,Male
Vijay Jain,Male
Preeti Iyer,Female
Sanjay Reddy,Male
Rohit Sharma,Male
Sneha Saxena,Female
Deepak Reddy,Male
Priya Verma,Female
Anil Saxena,Male
Priya Saxena,Female
Manoj Mishra,Male
Shweta Kumar,Female
Kavita Agarwal,Female
Arjun Saxena,Male
Karan Agarwal,Male
Aarti Mishra,Female
Vijay Saxena,Male
Kavita Nair,Female
Sunita Jain,Female
Kavita Chopra,Female
Yash Jain,Male
Anita Agarwal,Female
Suresh Das,Male
Pooja Pandey,Female
Sanjay Joshi,Male
Preeti Das,Female
Vijay Nair,Male
Priya Jain,Female
Anil Singh,Male
Amit Patel,Male
Rohit Singh,Male
Anita Pandey,Female
Vikram Jain,Male
Neha Mehta,Female
Pranav Gupta,Male
Deepa Chopra,Female
Nikita Kumar,Female
Rakesh Choudhary,Male
Swati Sharma,Female
Sunita Agarwal,Female
Jyoti Jain,Female
Nikita Verma,Female
Sunita Choudhary,Female
Vijay Patel,Male
Deepak Jain,Male
Vikram Kumar,Male
Rahul Patel,Male
Nikita Choudhary,Female
Vijay Pandey,Male
Nikhil Verma,Male
Anjali Choudhary,Female
Deepak Pandey,Male
Neha Sharma,Female
Anil Chopra,Male
Nikita Mehta,Female
Sunita Jain,Female
Preeti Kumar,Female
Radhika Singh,Female
Suresh Chopra,Male
Manoj Iyer,Male
Kunal Bose,Male
Vijay Verma,Male
Amit Joshi,Male
Anita Patel,Female
Nikhil Mishra,Male
Sanjay Gupta,Male
Jyoti Iyer,Female
Rahul Chopra,Male
Rohit Mishra,Male
Jyoti Reddy,Female
Nikita Pandey,Female
Suresh Mishra,Male
Sneha Mishra,Female
Rahul Pandey,Male
Manoj Singh,Male
Rahul Choudhary,Male
Kunal Saxena,Male
Rakesh Das,Male
Anjali Saxena,Female
Suresh Saxena,Male
Ravi Jain,Male
Karan Jain,Male
Deepa Agarwal,Female
Ramesh Pandey,Male
Rakesh Saxena,Male
Ravi Joshi,Male
Deepak Chopra,Male
Pranav Kumar,Male
Amit Agarwal,Male
Rakesh Joshi,Male
Aarti Sharma,Female
Ravi Pandey,Male
Sneha Saxena,Female
Suman Jain,Female
Manoj Das,Male
Rakesh Pandey,Male
Yash Pandey,Male
Karan Iyer,Male
Manoj Agarwal,Male
Amit Gupta,Male
Pooja Gupta,Female
Radhika Chopra,Female
Sneha Sharma,Female
Arjun Singh,Male
Nikita Joshi,Female
Renu Singh,Female
Rakesh Mishra,Male
Amit Agarwal,Male
Nikhil Joshi,Male
Deepak Bose,Male
Suman Singh,Female
Priya Agarwal,Female
Amit Iyer,Male
Vikram Chopra,Male
Jyoti Verma,Female
Rakesh Nair,Male
Pranav Jain,Male
Deepak Iyer,Male
Priya Patel,Female
Anil Iyer,Male
Deepa Sharma,Female
Neha Agarwal,Female
Ravi Joshi,Male
Rakesh Gupta,Male
Anjali Kumar,Female
Rohit Pandey,Male
Jyoti Joshi,Female
Ravi Mishra,Male
Sanjay Singh,Male
Anjali Pandey,Female
Anjali Iyer,Female
Sunita Joshi,Female
Neha Patel,Female
Karan Pandey,Male
Anil Iyer,Male
Vijay Iyer,Male
Pooja Pandey,Female
Pooja Choudhary,Female
Pranav Choudhary,Male
Radhika Gupta,Female
Rajesh Mehta,Male
Vijay Gupta,Male
Nikita Mishra,Female
Pooja Mehta,Female
Aarti Mishra,Female
Sanjay Mishra,Male
Meena Pandey,Female
Sanjay Kumar,Male
Manoj Reddy,Male
Manoj Kumar,Male
Sunita Iyer,Female
Pooja Joshi,Female
Renu Agarwal,Female
Rahul Gupta,Male
Renu Sharma,Female
Priya Kumar,Female
Anil Mehta,Male
Divya Nair,Female
Neha Mehta,Female
Priya Chopra,Female
Nikita Mishra,Female
Rahul Mishra,Male
Ramesh Nair,Male
Arjun Pandey,Male
Neha Chopra,Female
Divya Bose,Female
Shweta Patel,Female
Rakesh Saxena,Male
Vikram Mehta,Male
Suresh Pandey,Male
Suman Gupta,Female
Rahul Jain,Male
Sanjay Saxena,Male
Deepak Joshi,Male
Rohit Reddy,Male
Amit Mehta,Male
Suresh Patel,Male
Suresh Jain,Male
Ravi Gupta,Male
Anil Jain,Male
Aarti Mishra,Female
Neha Iyer,Female
Preeti Mishra,Female
Anita Mishra,Female
Nikita Agarwal,Female
Shweta Choudhary,Female
Nikita Choudhary,Female
Pooja Saxena,Female
Rohit Saxena,Male
Deepa Das,Female
Pranav Pandey,Male
Ramesh Iyer,Male
Sneha Mishra,Female
Divya Das,Female
Swati Mishra,Female
Suresh Patel,Male
Aarti Jain,Female
Divya Nair,Female
Anil Jain,Male
Rohit Iyer,Male
Shweta Jain,Female
Karan Choudhary,Male
Karan Gupta,Male
Pranav Agarwal,Male
Karan Joshi,Male
Kavita Gupta,Female
Karan Bose,Male
Nikita Mishra,Female
Deepa Iyer,Female
Nikhil Saxena,Male
Meena Singh,Female
Jyoti Das,Female
Pooja Bose,Female
Vijay Kumar,Male
Suresh Sharma,Male
Pooja Chopra,Female
Suman Mehta,Female
Deepa Bose,Female
Jyoti Sharma,Female
Anil Mishra,Male
Vijay Kumar,Male
Rajesh Kumar,Male
Pranav Reddy,Male
Pooja Mehta,Female
Priya Das,Female
Vikram Jain,Male
Deepak Kumar,Male
Nikita Choudhary,Female
Anita Bose,Female
Aarti Reddy,Female
Divya Verma,Female
Anil Bose,Male
Ramesh Reddy,Male
Karan Saxena,Male
Yash Singh,Male
Nikhil Patel,Male
Rajesh Saxena,Male
Deepa Bose,Female
Manoj Singh,Male
Neha Singh,Female
Renu Singh,Female
Swati Nair,Female
Aarti Das,Female
Rahul Verma,Male
Karan Pandey,Male
Rajesh Bose,Male
Deepak Singh,Male
Pranav Kumar,Male
Pranav Verma,Male
Kunal Choudhary,Male
Arjun Gupta,Male
Vikram Kumar,Male
Jyoti Verma,Female
Swati Pandey,Female
Nikita Mehta,Female
Deepa Nair,Female
Kavita Agarwal,Female
Pranav Iyer,Male
Swati Bose,Female
Pranav Pandey,Male
Pranav Sharma,Male
Rohit Patel,Male
Rahul Singh,Male
Kunal Patel,Male
Karan Das,Male
Yash Kumar,Male
Suman Chopra,Female
Karan Mishra,Male
Amit Verma,Male
Anjali Iyer,Female
Kavita Mishra,Female
Suresh Agarwal,Male
Divya Mishra,Female
Swati Kumar,Female
Yash Bose,Male
Vikram Agarwal,Male
Arjun Agarwal,Male
Karan Singh,Male
Anil Sharma,Male
Anita Kumar,Female
Radhika Patel,Female
Nikita Agarwal,Female
Jyoti Kumar,Female
Sunita Mehta,Female
Amit Saxena,Male
Rakesh Nair,Male
Nikita Singh,Female
Vijay Kumar,Male
Sneha Verma,Female
Karan Joshi,Male
Vikram Mishra,Male
Pranav Gupta,Male
Vijay Saxena,Male
Nikhil Jain,Male
Divya Sharma,Female
Suman Nair,Female
Jyoti Kumar,Female
Rohit Bose,Male
Rajesh Iyer,Male
Divya Das,Female
Karan Kumar,Male
Anita Choudhary,Female
Sneha Agarwal,Female
Priya Sharma,Female
Karan Mishra,Male
Deepa Choudhary,Female
Sanjay Reddy,Male
Rahul Chopra,Male
Shweta Agarwal,Female
Renu Reddy,Female
Sunita Iyer,Female
Sanjay Saxena,Male
Divya Saxena,Female
Rajesh Gupta,Male
Priya Mehta,Female
Ravi Chopra,Male
Deepak Saxena,Male
Pranav Verma,Male
Sanjay Bose,Male
Rahul Jain,Male
Neha Chopra,Female
Jyoti Reddy,Female
Shweta Agarwal,Female
Deepa Patel,Female
Suman Chopra,Female
Aarti Patel,Female
Preeti Singh,Female
Suman Chopra,Female
Preeti Jain,Female
Sunita Nair,Female
Kavita Gupta,Female
Sneha Verma,Female
Anil Iyer,Male
Swati Iyer,Female
Ramesh Pandey,Male
Radhika Kumar,Female
Sunita Kumar,Female
Manoj Joshi,Male
Vijay Nair,Male
Suresh Joshi,Male
Anita Agarwal,Female
Suman Mishra,Female
Jyoti Iyer,Female
Amit Gupta,Male
Preeti Singh,Female
Deepa Mehta,Female
Sneha Mishra,Female
Amit Joshi,Male
Arjun Sharma,Male
Renu Kumar,Female
Aarti Agarwal,Female
Swati Das,Female
Meena Mehta,Female
Priya Bose,Female
Pranav Choudhary,Male
Divya Das,Female
Amit Mehta,Male
Karan Singh,Male
Vikram Jain,Male
Sunita Singh,Female
Deepa Das,Female
Anil Jain,Male
Aarti Joshi,Female
Nikita Kumar,Female
Meena Gupta,Female
Vijay Saxena,Male
Deepa Reddy,Female
Karan Jain,Male
Divya Verma,Female
Renu Reddy,Female
Renu Chopra,Female
Nikita Verma,Female
Suresh Agarwal,Male
Nikhil Pandey,Male
Radhika Chopra,Female
Renu Patel,Female
Anil Nair,Male
Karan Singh,Male
Karan Sharma,Male
Kavita Patel,Female
Sunita Kumar,Female
Vijay Bose,Male
Sanjay Mehta,Male
Deepak Joshi,Male
Renu Reddy,Female
Ramesh Mehta,Male
Deepak Gupta,Male
Shweta Saxena,Female
Shweta Jain,Female
Shweta Verma,Female
Ravi Mishra,Male
Suresh Joshi,Male
Meena Sharma,Female
Manoj Chopra,Male
Preeti Chopra,Female
Divya Kumar,Female
Swati Joshi,Female
Kunal Mishra,Male
Nikita Das,Female
Anil Patel,Male
Swati Joshi,Female
Amit Mishra,Male
Rakesh Iyer,Male
Aarti Joshi,Female
Divya Gupta,Female
Anjali Patel,Female
Pooja Chopra,Female
Rahul Singh,Male
Rajesh Jain,Male
Kavita Saxena,Female
Deepa Sharma,Female
Kavita Reddy,Female
Sunita Saxena,Female
Vijay Mishra,Male
Jyoti Verma,Female
Renu Nair,Female
Priya Bose,Female
Yash Das,Male
Deepak Patel,Male
Suresh Reddy,Male
Pranav Chopra,Male
Ravi Patel,Male
Shweta Jain,Female
Nikhil Agarwal,Male
Anita Sharma,Female
Ramesh Sharma,Male
Deepak Agarwal,Male
Rajesh Sharma,Male
Sunita Joshi,Female
Manoj Pandey,Male
Divya Pandey,Female
Rakesh Saxena,Male
Swati Gupta,Female
Kavita Mishra,Female
Divya Iyer,Female
Rahul Pandey,Male
Divya Pandey,Female
Pranav Saxena,Male
Vikram Kumar,Male
Sunita Das,Female
Deepak Joshi,Male
Jyoti Das,Female
Pranav Bose,Male
Suresh Bose,Male
Sneha Singh,Female
Vikram Bose,Male
Sunita Patel,Female
Anita Agarwal,Female
Pranav Joshi,Male
Sunita Iyer,Female
Pooja Sharma,Female
Meena Nair,Female
Preeti Verma,Female
Anita Patel,Female
Renu Das,Female
Manoj Sharma,Male
Jyoti Singh,Female
Divya Joshi,Female
Renu Pandey,Female
Renu Joshi,Female
Neha Das,Female
Aarti Sharma,Female
Kavita Mishra,Female
Vikram Pandey,Male
Renu Mehta,Female
Nikhil Das,Male
Ramesh Mehta,Male
Swati Joshi,Female
Priya Pandey,Female
Vijay Sharma,Male
Deepa Singh,Female
Priya Mishra,Female
Nikita Verma,Female
Anita Das,Female
Pranav Chopra,Male
Suman Patel,Female
Vijay Chopra,Male
Deepak Agarwal,Male
Arjun Mehta,Male
Suresh Kumar,Male
Aarti Verma,Female
Vijay Chopra,Male
Anita Gupta,Female
Kavita Bose,Female
Kunal Reddy,Male
Vikram Joshi,Male
Preeti Joshi,Female
Ramesh Mishra,Male
Jyoti Saxena,Female
Neha Mishra,Female
Sneha Mishra,Female
Neha Saxena,Female
Preeti Jain,Female
Aarti Patel,Female
Rohit Agarwal,Male
Anita Joshi,Female
Sneha Iyer,Female
Manoj Reddy,Male
Kavita Kumar,Female
Ravi Gupta,Male
Anil Das,Male
Sunita Agarwal,Female
Pranav Joshi,Male
Neha Joshi,Female
Kunal Choudhary,Male
Neha Bose,Female
Meena Choudhary,Female
Kavita Pandey,Female
Ramesh Joshi,Male
Manoj Pandey,Male
Yash Nair,Male
Ravi Choudhary,Male
Karan Patel,Male
Renu Bose,Female
Nikhil Verma,Male
Pranav Nair,Male
Nikita Mishra,Female
Divya Verma,Female
Aarti Kumar,Female
Aarti Chopra,Female
Amit Mehta,Male
Jyoti Sharma,Female
Rajesh Chopra,Male
Aarti Das,Female
Nikhil Bose,Male
Priya Pandey,Female
Arjun Iyer,Male
Pranav Sharma,Male
Ramesh Choudhary,Male
Arjun Mehta,Male
Radhika Bose,Female
Pranav Das,Male
Anil Chopra,Male
Rajesh Jain,Male
Ravi Singh,Male
Kavita Choudhary,Female
Shweta Jain,Female
Anil Joshi,Male
Amit Mehta,Male
Karan Singh,Male
Sunita Mehta,Female
Deepak Patel,Male
Anjali Choudhary,Female
Meena Mehta,Female
Deepa Joshi,Female
Sunita Mishra,Female
Rohit Gupta,Male
Renu Agarwal,Female
Sunita Mehta,Female
Radhika Iyer,Female
Swati Mehta,Female
Renu Saxena,Female
Sneha Joshi,Female
Kavita Reddy,Female
Suresh Choudhary,Male
Suresh Iyer,Male
Suresh Iyer,Male
Aarti Jain,Female
Deepak Mehta,Male
Anil Iyer,Male
Ravi Reddy,Male
Pooja Verma,Female
Rakesh Choudhary,Male
Suresh Pandey,Male
Pranav Sharma,Male
Jyoti Agarwal,Female
Sanjay Joshi,Male
Meena Saxena,Female
Aarti Saxena,Female
Rajesh Saxena,Male
Sanjay Reddy,Male
Anita Das,Female
Ramesh Mishra,Male
Pranav Iyer,Male
Divya Joshi,Female
Nikita Mehta,Female
Arjun Kumar,Male
Anita Verma,Female
Radhika Reddy,Female
Sneha Jain,Female
Kavita Pandey,Female
Nikhil Das,Male
Neha Saxena,Female
Rohit Bose,Male
Rajesh Mehta,Male
Neha Gupta,Female
Ravi Verma,Male
Meena Agarwal,Female
Meena Reddy,Female
Rakesh Mishra,Male
Deepa Jain,Female
Sneha Singh,Female
Shweta Mehta,Female
Manoj Singh,Male
Deepak Pandey,Male
Anita Reddy,Female
Anita Mishra,Female
Divya Jain,Female
Sunita Singh,Female
Deepak Singh,Male
Sanjay Agarwal,Male
Yash Iyer,Male
Rakesh Nair,Male
Rakesh Nair,Male
Jyoti Singh,Female
Priya Patel,Female
Arjun Reddy,Male
Rakesh Mehta,Male
Vikram Sharma,Male
Pooja Patel,Female
Deepa Sharma,Female
Divya Bose,Female
Pranav Pandey,Male
Sunita Mehta,Female
Sneha Patel,Female
Pooja Mehta,Female
Sneha Gupta,Female
Anil Mishra,Male
Suman Sharma,Female
Kavita Reddy,Female
Anita Mehta,Female
Nikita Mehta,Female
Rakesh Saxena,Male
Rakesh Mishra,Male
Rakesh Iyer,Male
Aarti Joshi,Female
Vijay Sharma,Male
Radhika Joshi,Female
Renu Sharma,Female
Neha Patel,Female
Pooja Mehta,Female
Jyoti Chopra,Female
Suresh Kumar,Male
Pranav Das,Male
Amit Agarwal,Male
Sunita Bose,Female
Radhika Saxena,Female
Pooja Patel,Female
Aarti Gupta,Female
Deepa Iyer,Female
Rohit Agarwal,Male
Pooja Sharma,Female
Sneha Patel,Female
Manoj Kumar,Male
Pooja Bose,Female
Ravi Patel,Male
Divya Das,Female
Pooja Patel,Female
Suresh Verma,Male
Neha Chopra,Female
Nikhil Mehta,Male
Anita Mehta,Female
Renu Kumar,Female
Ravi Reddy,Male
Renu Mishra,Female
Sunita Das,Female
Yash Joshi,Male
Suresh Mishra,Male
Rahul Mehta,Male
Divya Chopra,Female
Arjun Joshi,Male
Suman Reddy,Female
Swati Jain,Female
Jyoti Reddy,Female
Amit Joshi,Male
Ravi Choudhary,Male
Amit Mehta,Male
Ramesh Saxena,Male
Rohit Patel,Male
Shweta Verma,Female
Ravi Pandey,Male
Deepa Saxena,Female
Suman Verma,Female
Deepak Choudhary,Male
Pooja Choudhary,Female
Priya Choudhary,Female
Swati Das,Female
Rajesh Mehta,Male
Renu Mehta,Female
Rohit Agarwal,Male
Nikhil Patel,Male
Rajesh Chopra,Male
Anita Nair,Female
Arjun Das,Male
Rajesh Gupta,Male
Neha Saxena,Female
Kunal Chopra,Male
Yash Jain,Male
Pooja Agarwal,Female
Ramesh Singh,Male
Suman Pandey,Female
Amit Nair,Male
Amit Reddy,Male
Karan Nair,Male
Meena Saxena,Female
Deepak Gupta,Male
Amit Mishra,Male
Kavita Kumar,Female
Amit Agarwal,Male
Anil Choudhary,Male
Priya Gupta,Female
Arjun Pandey,Male
Anita Sharma,Female
Rakesh Singh,Male
Kunal Iyer,Male
Rahul Reddy,Male
Jyoti Das,Female
Deepa Nair,Female
Vijay Jain,Male
Sneha Saxena,Female
Shweta Das,Female
Karan Kumar,Male
Sneha Sharma,Female
Kunal Reddy,Male
Yash Mishra,Male
Deepak Jain,Male
Vijay Singh,Male
Sneha Mehta,Female
Nikhil Gupta,Male
Priya Sharma,Female
Kavita Mishra,Female
Rakesh Singh,Male
Manoj Chopra,Male
Priya Mishra,Female
Kavita Gupta,Female
Priya Saxena,Female
Priya Bose,Female
Swati Verma,Female
Renu Chopra,Female
Rajesh Joshi,Male
Shweta Joshi,Female
Karan Patel,Male
Pranav Iyer,Male
Vikram Kumar,Male
Arjun Jain,Male
Shweta Agarwal,Female
Sunita Reddy,Female
Manoj Das,Male
Ravi Choudhary,Male
Ravi Chopra,Male
Pooja Choudhary,Female
Jyoti Iyer,Female
Yash Singh,Male
Arjun Bose,Male
Renu Mishra,Female
Karan Mishra,Male
Neha Verma,Female
Radhika Verma,Female
Radhika Reddy,Female
Deepa Reddy,Female
Priya Saxena,Female
Anjali Reddy,Female
Vikram Choudhary,Male
Preeti Jain,Female
Karan Joshi,Male
Vikram Jain,Male
Anil Mehta,Male
Kavita Agarwal,Female
Arjun Nair,Male
Sunita Pandey,Female
Sanjay Chopra,Male
Pranav Sharma,Male
Anita Singh,Female
Ravi Patel,Male
Renu Gupta,Female
Amit Sharma,Male
Pranav Singh,Male
Sanjay Das,Male
Vikram Jain,Male
Anita Agarwal,Female
Rajesh Nair,Male
Nikhil Choudhary,Male
Rahul Patel,Male
Anita Singh,Female
Deepa Kumar,Female
Yash Choudhary,Male
Anil Pandey,Male
Suman Reddy,Female
Swati Gupta,Female
Rajesh Gupta,Male
Shweta Choudhary,Female
Kunal Verma,Male
Suman Chopra,Female
Anita Saxena,Female
Arjun Verma,Male
Deepak Patel,Male
Vikram Kumar,Male
Ravi Verma,Male
Swati Gupta,Female
Anjali Nair,Female
Kavita Kumar,Female
Arjun Jain,Male
Jyoti Verma,Female
Suman Mishra,Female
Amit Sharma,Male
Divya Agarwal,Female
Deepa Iyer,Female
Sunita Mehta,Female
Pooja Joshi,Female
Nikhil Pandey,Male
Neha Mehta,Female
Aarti Kumar,Female
Nikhil Chopra,Male
Ramesh Joshi,Male
Radhika Pandey,Female
Sneha Sharma,Female
Divya Gupta,Female
Rakesh Mehta,Male
Swati Iyer,Female
Yash Iyer,Male
Renu Reddy,Female
Jyoti Verma,Female
Karan Iyer,Male
Sneha Chopra,Female
Deepak Jain,Male
Neha Pandey,Female
Rohit Singh,Male
Pranav Gupta,Male
Arjun Nair,Male
Vijay Mehta,Male
Ramesh Joshi,Male
Anil Jain,Male
Nikhil Mehta,Male
Vijay Singh,Male
Nikhil Bose,Male
Anjali Iyer,Female
Rohit Iyer,Male
Renu Pandey,Female
Kavita Gupta,Female
Yash Jain,Male
Priya Nair,Female
Anita Mishra,Female
Priya Kumar,Female
Manoj Joshi,Male
Vijay Joshi,Male
Preeti Das,Female
Jyoti Choudhary,Female
Kunal Mehta,Male
Rahul Mehta,Male
Anil Pandey,Male
Anil Kumar,Male
Neha Verma,Female
Yash Verma,Male
Preeti Pandey,Female
Anjali Kumar,Female
Kunal Jain,Male
Swati Nair,Female
Anil Patel,Male
Pranav Joshi,Male
Meena Kumar,Female
Preeti Saxena,Female
Anjali Pandey,Female
Deepak Singh,Male
Anil Joshi,Male
Amit Reddy,Male
Swati Pandey,Female
Pooja Mehta,Female
Vikram Saxena,Male
Shweta Saxena,Female
Manoj Sharma,Male
Aarti Verma,Female
Ramesh Pandey,Male
Radhika Saxena,Female
Manoj Kumar,Male
Ramesh Mehta,Male
Neha Chopra,Female
Rohit Saxena,Male
Aarti Chopra,Female
Anil Verma,Male
Jyoti Singh,Female
Rahul Mishra,Male
Arjun Choudhary,Male
Priya Singh,Female
Pranav Das,Male
Nikhil Das,Male
Vijay Saxena,Male
Jyoti Verma,Female
Swati Patel,Female
Kavita Chopra,Female
Nikhil Mishra,Male
Ravi Verma,Male
Aarti Saxena,Female
Kavita Iyer,Female
Rahul Bose,Male
Sunita Sharma,Female
Ravi Patel,Male
Anjali Pandey,Female
Sneha Verma,Female
Neha Singh,Female
Pooja Bose,Female
Jyoti Gupta,Female
Manoj Bose,Male
Pooja Mishra,Female
Vikram Joshi,Male
Amit Iyer,Male
Jyoti Iyer,Female
Nikhil Jain,Male
Vikram Verma,Male
Anita Pandey,Female
Rakesh Mehta,Male
Rahul Bose,Male
Meena Bose,Female
Rahul Nair,Male
Pooja Mehta,Female
Meena Kumar,Female
Anita Saxena,Female
Deepa Gupta,Female
Ravi Joshi,Male
Vikram Patel,Male
Anita Jain,Female
Rakesh Choudhary,Male
Anita Bose,Female
Neha Das,Female
Amit Sharma,Male
Sunita Choudhary,Female
Swati Joshi,Female
Sunita Pandey,Female
Kunal Das,Male
Kavita Joshi,Female
Vikram Gupta,Male
Suman Choudhary,Female
Kunal Bose,Male
Pranav Joshi,Male
Ramesh Mishra,Male
Arjun Nair,Male
Sanjay Jain,Male
Swati Bose,Female
Swati Patel,Female
Yash Das,Male
Amit Mehta,Male
Sneha Nair,Female
Kavita Kumar,Female
Divya Reddy,Female
Nikita Das,Female
Amit Singh,Male
Amit Reddy,Male
Vikram Mishra,Male
Anita Das,Female
Shweta Singh,Female
Manoj Saxena,Male
Swati Jain,Female
Sanjay Chopra,Male
Deepak Gupta,Male
Swati Joshi,Female
Arjun Singh,Male
Kavita Agarwal,Female
Ravi Saxena,Male
Rahul Joshi,Male
Sunita Joshi,Female
Anil Chopra,Male
Jyoti Bose,Female
Jyoti Joshi,Female
Radhika Das,Female
Priya Gupta,Female
Sneha Gupta,Female
Meena Bose,Female
Arjun Sharma,Male
Preeti Singh,Female
Pooja Pandey,Female
Ramesh Verma,Male
Nikita Bose,Female
Amit Jain,Male
Neha Reddy,Female
Amit Chopra,Male
Vikram Pandey,Male
Neha Joshi,Female
Vikram Reddy,Male
Rajesh Kumar,Male
Nikita Chopra,Female
Vikram Chopra,Male
Pranav Joshi,Male
Renu Mishra,Female
Rahul Sharma,Male
Nikhil Iyer,Male
Manoj Choudhary,Male
Anil Gupta,Male
Nikita Sharma,Female
Suman Iyer,Female
Manoj Patel,Male
Deepak Chopra,Male
Aarti Joshi,Female
Sunita Verma,Female
Priya Bose,Female
Kunal Choudhary,Male